22230,7071,29593,9930
49381,48083,79184,75902
54694,93047,65399,158988
53371,23287,98191,111452
13754,17622,91995,94873
51386,84392,54836,164741
87332,29544,178394,116683
97260,46660,161340,83895
80328,82558,179726,158360
63825,6983,87969,43694
44335,98571,86116,131710
30129,5510,123437,100189
66469,94865,101889,166799
10933,59862,105224,119407
4206,87289,55268,115730
99609,3257,134849,74777
61704,40479,102873,83811
70668,32451,152026,70578
39819,79368,104463,127986
41752,12329,56022,85873
49322,8507,141619,62620
20758,81631,93607,160590
65711,15739,124810,75293
83454,82382,93236,140175
13154,27367,61553,91158
1324,580,70714,94737
87012,75134,146209,153763
68884,58358,156238,108011
92938,12456,147347,29266
12569,14571,102075,104997
95252,87354,160067,117706
70721,10834,134760,14610
65798,11425,74173,88959
21949,80889,36590,99322
9188,75768,97747,162214
96432,34805,112275,103598
37676,68573,39966,93470
89319,16554,92280,88957
28142,96050,28858,137383
11371,32340,68824,121728
12334,25996,49437,75321
55393,36497,149608,93251
88351,79691,150942,81034
73874,93638,101924,166230
64850,76712,150599,158725
3674,63475,29005,85094
4735,602,11514,75691
17043,65642,25257,102436
13520,91933,72725,186806
28410,81068,105748,128553
89193,639,137663,64148
13680,12102,52931,46830
42164,4084,107681,65077
80538,7444,105353,49876
32670,92871,91533,185743
90113,57744,99858,141269
78019,47968,109510,141433
15389,37375,73389,66306
70337,75806,87348,144738
59218,44032,138658,76996
74714,81938,172013,122509
58213,53481,133288,79315
74767,46406,80523,126710
98420,82445,115459,106564
79122,24420,150243,62831
6412,44649,74417,97380
532,41249,58417,120046
32722,65636,98606,128490
75350,75329,169759,159356
66650,22497,98014,75087
56904,22423,120576,52680
89790,85176,117930,115196
54814,26101,151296,29201
84294,93032,154870,107690
88400,2114,129974,44871
73623,90677,86273,134787
74266,56290,152495,71503
84146,78337,145173,89561
13845,74678,17733,125288
36851,77215,53722,88104
29930,23856,124861,41441
22009,79004,65534,123011
50729,63769,51778,86476
95391,54576,103711,75117
75940,44094,160381,121566
94048,74393,113345,105296
74328,77264,134044,121429
97392,90662,159973,111215
96982,10413,129475,44330
50529,29568,63828,32548
83041,78131,88827,97867
24054,51441,120390,80481
12526,340,73221,49221
73088,54537,105117,129482
98524,56642,184002,140908
54249,5748,127763,7253
86880,21578,149414,76390
13648,16133,45195,16400
59794,56334,73919,126429
39586,22864,76703,95193
93686,34822,130443,89737
32898,53161,101742,66199
74754,68333,151244,127104
62282,53199,96276,121169
969,20723,3596,77301
34312,20377,96640,63165
94401,29783,148101,123982
94867,35315,149783,94266
69973,60460,164785,136696
45426,32989,93030,128287
99983,48599,193433,131116
13453,39272,15069,129000
8388,56905,50407,118312
86614,51899,94315,142115
84624,60817,124866,87616
71624,58736,87556,142640
3047,12095,33636,76113
23940,61846,65263,118660
49016,97360,136675,167096
95859,10351,128992,75395
85243,88908,177651,105557
97903,26654,123517,72798
21102,31181,79612,83070
20880,30930,98379,81868
65469,96033,158470,151206
68498,75871,121900,141851
39231,50781,105962,57746
75702,99794,154806,133311
45207,94726,105203,155505
37495,83095,51339,156840
83690,19604,106431,71288
35383,32317,96504,71551
51869,41135,151141,90091
91199,70469,108061,150626
15187,64858,93193,77214
48843,5621,49976,81393
77053,61066,91510,65836
55933,23593,89226,78560
43861,56118,52492,69802
32882,34787,127261,78624
81796,43985,152742,91989
56918,16952,132010,26667
44620,27863,58268,35300
24137,10137,37843,57480
25183,47798,121070,145968
80852,27483,113521,81474
55183,8878,103785,49406
92046,13675,174586,73192
3867,16441,25980,103805
61561,60243,140397,102813
39420,56022,79866,81343
52109,58709,147809,113680
56809,70877,72251,135064
98216,57429,174373,109588
17163,99420,91320,118693
4090,68103,34646,165339
80694,87079,178383,136545
98236,36582,159623,76389
6548,45495,34251,71553
55465,17071,123321,27492
45815,39190,52860,121264
60583,65208,78118,118806
31199,32980,33208,83665
25127,12370,75963,98982
60313,42044,86098,65471
70263,77737,114358,171773
46965,26222,117377,64040
95547,141,122371,52331
35822,68540,64532,83090
61582,282,118394,3101
1303,92960,80342,137091
15702,65864,88401,131985
22132,13548,80414,38796
41571,42554,56386,46935
24998,11456,122285,36082
57597,15410,60184,55259
33679,39175,125322,95065
98854,59728,154621,104150
11073,81264,40231,115727
78523,34136,174044,72481
36304,32245,40358,115610
73270,77347,160082,120024
38663,30097,40763,49286
18620,8534,34946,100581
33853,31253,65857,33401
74125,9564,170177,17077
45880,37574,66965,130135
66198,16562,154627,63053
92608,27352,168352,125914
39933,3098,105134,35867
91815,32215,99550,59734
64612,70272,120201,84866
15847,60654,18704,134593
45847,74792,70716,112041
97857,6512,98327,20940
49634,62186,57705,106878
70980,44110,131891,69902
24098,33692,105739,109891
97410,71623,143245,86942
40978,22685,90679,51385
47401,29732,112678,32649
70516,72279,135445,86213
79206,26266,129712,80729
30664,63119,58715,130002
67460,96297,82134,111727
58228,56721,82323,80009
15170,24544,22534,73786
691,42893,93941,91730
1532,20590,90535,66688
66009,13922,92540,20379
91607,15821,188335,105006
79594,33985,152337,95460
6150,65586,36145,134996
7066,49594,56024,105808
76368,18886,113404,89091
67497,34907,82161,98178
54730,39654,128687,119848
14063,43985,16021,141137
77875,87686,120621,185425
10200,17111,99433,87088
98167,45345,169411,134366
43506,66322,90006,83008
77882,34336,160139,112629
6038,11251,33614,17062
14156,5925,95640,55791
89164,8683,172462,30746
11922,33566,83195,48528
14955,9000,76620,21741
59503,30537,140974,72627
53770,63597,150698,155790
27080,56004,76359,87325
3513,95604,93852,111432
40622,30490,138716,85573
42965,55206,75582,56861
79591,67900,176971,139116
59334,60901,83036,77880
71146,96409,91015,151215
92518,73124,151036,75340
72044,28557,159759,91589
69824,18819,87582,99665
61591,44343,114461,118125
71947,65207,79205,107993
9978,81387,70607,151641
68771,52849,118276,62582
34845,46921,77210,55652
22375,2945,30722,86889
65015,61127,124007,92202
27710,72526,78500,122520
29944,38721,90112,101639
46135,74914,130418,122827
52099,2518,93095,60183
13445,33523,37462,37070
7387,65340,92496,95426
43870,88546,59433,95193
56360,57091,84883,143616
85156,52314,176808,137487
88468,44242,149330,58298
67485,40029,158069,64354
91600,52746,101130,68286
84758,21762,171970,60763
68885,87247,113267,165959
48097,65602,127423,92491
39489,30888,68889,37089
10152,3355,38772,97961
81793,65399,84679,91730
73273,25959,158307,78401
8886,16996,36862,103141
87257,61588,170777,128416
17728,19148,27468,28032
47224,55455,139804,91924
21597,36904,73764,79027
4145,63061,58874,84209
86763,84795,98439,163156
36856,8469,102917,89381
12792,48520,99644,63794
15000,83053,23333,133586
49380,21868,125358,112930
7675,57596,96314,86981
28594,97771,127265,100394
34250,63723,46876,104001
18870,11465,76298,89563
58470,59732,63876,77957
65458,37165,141380,94921
67176,12080,98210,35269
33499,1445,90453,49066
24067,18277,43581,97655
18445,97346,50177,118108
64669,78876,138442,96339
47668,26913,49976,68547
69849,36827,143751,41890
13292,46643,86420,49355
5126,92885,46109,183070
91796,2835,96430,2945
29734,5389,48638,49894
65156,12806,144269,37146
92279,8246,180909,90639
98057,16310,151603,111251
44110,15761,122922,58257
34174,1189,93020,13736
73779,30402,159101,57116
85944,19281,150319,118029
24998,50470,61808,109485
44680,26507,70114,92506
25192,72498,104116,128260
90111,1675,127308,49103
51342,1153,74862,87502
24543,12354,115155,41110
54290,73875,129474,150897
29055,13122,128605,86447
86278,81289,149469,98721
62791,84112,100446,89388
96963,403,177692,6405
40725,6777,97997,38404
36234,570,101225,98265
99501,72010,108509,108390
14476,65877,45469,66582
15937,87881,27153,168539
83288,91327,102447,151284
72530,92520,101055,114716
5900,2779,87444,15891
95504,56719,182989,145020
30286,27580,115779,46332
83360,98126,139110,181279
19562,20777,112024,28843
53716,37272,113809,94166
20710,84102,54300,164992
42973,7764,117817,48584
92400,49939,143071,139396
43769,41764,47447,95476
24315,60020,113340,141171
8600,35790,73966,83947
69638,8661,123591,33182
68945,53356,82486,113912
92093,37688,155973,66290
14265,61246,75971,132823
58044,61177,93621,95863
23109,77680,41702,161338
44308,93198,76235,123396
85073,354,153572,73571
4199,4382,6069,25511
23445,8520,89538,76669
3079,12725,54909,89957
5764,91161,53449,171473
19653,82031,118085,166161
93336,6317,173186,78848
20650,47588,101651,87111
52947,4205,98574,10946
54237,33924,108135,73602
31054,26111,50467,89829
88685,29378,186364,116492
18118,11388,57870,46604
76159,37128,100605,63065
56184,83253,86658,97881
29719,38171,31071,79672
14536,29481,90234,50167
16841,27889,116667,124252
57888,32305,133223,107630
86320,18482,117003,39801
69043,80027,141077,85176
26426,56717,81257,114953
16637,88107,55199,114804
4307,91009,91016,143084
83959,86412,177478,168352
28350,71461,72377,96885
2661,22377,87124,116906
79843,80987,158257,179455
46676,20497,72569,48264
87126,24592,91108,32996
86135,55217,116475,91115
69145,51996,97757,83894
33919,78415,105192,103476
10672,18050,73175,62780
1896,13796,58227,35742
30371,51128,123911,96667
32097,88629,64695,184188
77515,45620,83711,117338
75323,84067,118374,183407
17929,47604,97186,62591
23097,13345,51301,44788
89011,88970,113234,165387
83799,69004,124249,108426
78118,82542,105741,171453
34672,25816,44502,109196
6926,22404,79196,108419
28844,86287,43340,124437
19455,33080,115493,117245
68927,64009,114081,125396
84357,29756,125430,104688
34924,10059,43721,50247
3780,71440,42418,103901
26611,11733,69278,96477
55415,50316,136469,141623
68388,70795,157062,86214
64798,2708,146751,38572
10837,55341,78179,90168
94986,47893,103812,117065
80960,82219,140188,120847
47134,51354,73560,120939
80099,55876,99471,76586
44976,85440,142919,181391
48861,27432,72362,56455
80420,35669,129080,119863
56061,40613,120506,56872
53015,56735,81527,151785
16580,73568,55703,110245
45960,46628,67386,131135
22722,82459,110072,128899
1241,31995,96868,65282
5294,75470,47432,96670
57261,33528,77600,69577
4213,14965,74960,29251
97637,41015,99357,109593
87407,53854,88486,99889
86047,7006,166796,45355
45241,78664,137877,174003
93685,62029,112014,100267
44906,68128,141695,73092
56466,83784,76588,85014
82388,26725,149079,59204
37148,70689,122980,96775
33028,57799,53636,113686
21808,25834,103055,105091
33837,50186,102964,83395
34066,71129,117066,171033
94788,60369,172003,156209
1888,90972,26476,94896
49017,85470,59105,164050
78940,20032,100725,111540
16057,93147,37569,109760
92858,90155,154825,159752
29321,85644,91379,151155
71875,18055,151625,46287
63227,21422,122730,110290
78509,3965,155314,15683
45897,67940,67014,140197
82420,70950,171956,136582
98495,64391,99769,134171
92899,30633,163161,59196
29546,94012,32251,113382
1993,82759,93034,104009
11222,39981,41783,109011
37539,72482,87303,89082
30199,53087,99216,56529
84705,85806,163049,103273
68859,29131,166088,84708
1131,33547,59324,58804
22326,63682,103707,96077
86433,41753,184454,113914
60621,86279,98948,159071
21223,19350,82774,97569
73575,59926,103315,155036
98286,76162,166631,132189
74881,82599,79114,90262
47751,76031,141543,111376
19892,66314,68861,122452
74480,29280,174340,97888
44736,92373,132998,106344
88450,55380,158750,60803
71841,17537,95459,71279
35948,43479,127686,110225
3354,69586,68101,152305
68236,16489,154927,41001
88385,23197,184608,119372
27938,46421,62873,135369
87458,95000,154750,106161
98862,18085,167791,78604
47097,56,74808,54373
66589,54555,122104,121161
50688,49755,122451,70071
22895,29195,97247,45117
23465,96374,60772,109832
75397,36509,154564,38306
48693,14542,75905,76636
77020,90725,95122,133610
45857,51431,126111,99605
40075,99686,139888,191839
44896,36734,71498,40082
29244,27303,66106,89743
17673,26763,107124,62319
78001,85712,157713,101753
50039,66957,126388,115769
14246,52497,34748,110852
68945,85621,135528,179212
3199,51053,9813,84730
48722,44587,118002,79707
56923,28951,133981,64508
46253,70097,67551,103824
77319,69157,138861,93871
48557,71005,76893,91325
5484,12127,69227,58134
38966,29477,87588,70732
39317,98109,59529,178580
99717,48206,125965,97547
45555,86896,130589,151204
30779,51302,59678,71609
51165,34156,129194,102682
74520,78592,95792,133360
30789,43393,116636,92386
37332,18644,60798,28889
54508,2002,153349,34691
59973,47786,69719,104450
67848,42997,123307,122449
65777,46865,120618,105390
75889,14909,106286,34244
33874,41268,105889,117378
65692,82914,67831,143935
53487,45965,93905,106171
85307,82797,122728,139761
61376,73190,89622,97291
26524,89347,109921,150472
14118,66819,93401,77189
96930,73838,123080,150626
27918,75251,100993,88209
57884,24619,143238,115198
3213,14166,26991,64935
14000,15186,102760,75699
19487,48900,55161,138095
60707,13685,151962,31651
47356,66277,70852,79302
56643,56347,145785,152327
1903,30761,6455,103389
37897,53423,123037,66449
89364,47047,138322,115793
52589,36791,68334,129683
90859,29240,129542,123527
5381,68891,83737,75697
1267,99703,58979,174635
70181,27897,151231,54081
70141,57557,150241,149293
59656,34722,125466,104228
90194,21241,100745,97370
94307,50152,193271,130118
22625,40309,110710,103060
28180,17980,119358,52080
96689,39113,99954,106137
13761,44881,31545,135549
90076,50154,150410,145213
34457,50102,59783,142795
92032,86934,163950,100458
92202,95535,155008,136106
72757,80008,145754,129856
69687,88446,135570,186617
89436,69473,169854,156454
29182,28700,121370,63463
79420,26760,114037,112299
66309,8126,103349,40694
96827,32438,160539,109571
97257,98542,196039,163946
50403,97593,70457,177833
40790,78227,123328,93846
15357,34520,94241,45430
85486,18004,151622,45147
69995,34299,141348,42800
17409,19853,60094,114915
34722,75872,64528,85071
70334,3392,120564,58702
88931,98731,171569,126085
38396,70208,61077,117601
95801,86500,184061,173980
84372,62313,106954,95268
93705,37322,146454,81694
9106,6103,9114,32119
58886,91648,108736,147091
10263,83125,77139,118016
71869,77646,100487,89300
33022,40474,82662,118050
4079,89252,78317,188661
97653,22786,171808,114886
83600,24584,122620,78081
74310,58122,107884,108351
65167,85294,90217,119822
71515,76217,127868,104264
89338,28043,103042,38448
31316,78233,66538,81012
93236,69872,179906,70220
83704,81181,164886,138378
3153,90462,11459,172460
76354,95854,131412,111259
79062,7298,137840,95557
23009,65406,38376,115494
44259,98270,142112,151469
7381,49973,42061,135105
84775,71172,116884,167983
10916,29785,54676,97377
10968,93375,40843,111386
23989,51365,57034,76866
4436,28522,43173,41625
91865,63945,161182,137934
35587,33611,54189,122743
59456,2153,95734,68401
5116,86506,92332,90323
75490,15007,138095,32821
36366,80980,46235,157703
78393,91910,122977,101253
86876,29736,172697,32972
40011,91128,90020,95150
40603,38611,79195,45587
88770,98096,91794,143009
4477,24840,97746,57079
52150,33470,112143,42690
75179,38675,118899,66043
60728,82486,111651,170411
23220,3697,37964,78169
90637,28336,187282,80903
86780,70623,173685,130275
8686,61057,99192,143457
23575,20440,62295,86787
40023,89402,43202,186167
92083,16633,128461,38629
51576,18858,129895,93633
61051,39435,101271,130826
53564,27680,117751,35254
26267,70539,112291,87076
5832,62338,11340,102190
51802,59927,125652,60385
38816,83078,117312,93496
43071,13291,129695,53013
95138,64658,183512,151278
24368,2111,55096,10193
42119,80384,50528,86904
71142,31071,72479,54167
75383,75936,75477,89493
97885,94148,123015,169020
38431,35754,128626,88463
47313,90438,51588,122552
37256,41588,57818,55996
30064,43870,50311,139138
71181,42064,84261,56765
54388,61407,101160,69530
88807,64388,119709,89891
40440,81626,133085,94485
87503,15537,141996,61824
83454,23978,111826,54689
17050,31620,60520,114719
54705,206,147976,16830
24451,18105,91202,34636
87600,66966,113380,136548
61408,2812,94797,15611
73928,40987,128460,127990
44393,66514,133009,155712
4112,8052,12487,86993
5567,51096,9283,131723
11525,26068,23343,47000
13457,47892,93470,146221
46530,22082,114954,103147
6620,50238,56031,107024
81652,55550,120032,154787
12338,32654,79552,98029
86991,85216,114731,181765
63019,37645,106997,39386
52105,39189,73014,68862
71970,69272,135308,91215
82748,32497,151132,64685
24081,99814,94848,180696
93870,97785,177402,158247
2744,3527,15345,23315
23727,96794,58224,117631
85581,78264,143775,99684
4732,22105,63634,100401
90522,47267,127764,66920
33358,38694,110010,60159
64134,22551,86425,63653
32335,72838,63611,77949
55915,1440,125657,11132
45235,86027,71151,103013
1180,65443,1598,131846
70770,50160,133254,142792
91974,48044,136031,142320
97168,33718,134838,45785
96226,90875,157698,143279
20211,65791,101355,160014
99594,43961,134704,69479
10944,88206,88930,149395
65008,12829,74575,77785
27466,76078,112398,82933
82241,25521,99828,111648
92032,2828,142584,35677
74126,2107,116212,42878
8723,50469,79308,148697
63901,39005,112027,66140
13061,88063,36673,141114
32005,59757,32869,78863
77274,41980,127049,141505
70368,85056,169499,158773
42583,67542,62956,158974
1908,95749,16347,116918
88715,23235,136544,94235
87578,98827,119567,196694
60847,36271,98266,54983
92509,59497,149355,147344
46396,67781,70967,86942
68589,57151,155472,79609
51769,93661,78851,159094
1081,33331,23024,56689
26066,92802,124766,124477
10664,3784,25027,62951
37357,82573,53891,83148
64300,84853,109108,167753
98436,38763,170363,76999
98070,97342,175517,182802
37877,37477,43753,57145
63411,24282,99573,43834
12812,44577,54175,91775
32633,83476,108319,125136
82823,61523,162796,79308
21637,57785,109475,149357
82833,65157,158799,152357
73482,8137,145815,65330
29439,94504,91612,134036
90153,83206,151850,122486
37562,33764,75703,109846
14050,24881,49537,71090
54380,81270,89534,135743
63341,27434,124435,51604
93417,872,139166,74550
6638,91896,24769,162019
94601,42282,133909,129673
64991,42405,116162,80912
301,59979,26692,116902
35133,27906,88343,117550
91905,85746,94473,180266
33082,71806,110765,114256
38542,68150,128045,150495
11295,25024,92420,102317
48182,18488,137751,100990
47934,37333,69961,85597
40321,63318,89964,74529
13288,86019,16986,132114
66009,95546,81398,133823
14501,87600,66404,124317
12854,78343,35659,169311
51991,46327,79610,54799
88470,68698,181262,160162
85790,76030,102299,93070
1464,76410,72840,78502
8136,4946,98654,56862
4460,67946,95873,151109
57937,41805,137675,115091
33190,38847,53369,78067
22454,70415,52978,141947
69615,41377,77437,98325
66180,5797,156870,87144
34040,7028,91151,22635
53994,5828,79689,89588
47839,81100,109920,169298
64235,57987,69563,141303
9490,5754,23806,60633
96983,57257,151133,111655
3402,25275,74388,82453
76984,68814,139860,153441
27514,90974,88693,171976
81781,37441,113632,130606
89923,70842,144302,156300
98142,5123,105484,79581
46578,84196,96359,110209
58445,83766,155777,92364
41175,91631,72682,180702
27043,53247,95498,54138
15288,32027,113315,47482
67291,31831,93111,33591
92978,16415,179958,82780
74864,31734,97741,126717
80846,97766,136374,197450
19519,46595,30102,122814
14527,29060,91129,90983
96304,66175,169817,142522
82627,32187,151866,108283
34098,49552,48145,110156
96028,72328,188747,143745
93230,1832,166633,74253
61388,20428,63445,26716
91618,37377,128902,100565
88822,81782,125106,169549
43311,35712,97031,64482
49691,80301,52276,139469
82769,18777,98026,26026
6818,10942,102716,99450
3049,78018,90603,135257
62715,46317,75175,126732
95131,40011,119348,113275
427,75770,45115,174105
12123,59912,38132,91696
55775,66835,106601,96745
24826,66989,34014,145993
95321,29783,162994,31830
35088,43652,132461,57534
99935,29715,109277,34381
98573,70591,192868,93035
65408,57940,65867,71356
306,90863,95482,146155
76756,13183,86678,70584
87199,14783,123188,36043
15357,69677,55207,111760
25603,62422,97256,120873
43162,30083,89500,67811
62144,18910,118783,99109
54119,53638,126157,122232
56834,19742,71116,79201
34926,83610,53302,97276
16177,52638,54075,125547
28854,4297,113310,53829
50142,31757,114955,112981
12091,24364,81600,69115
41204,10335,54854,63363
31635,75040,101171,76213
37308,81806,104230,96081
99261,11328,101874,40653
5793,68547,96007,93607
73296,99678,106621,104923
86329,11193,109855,59071
2965,5043,76483,19597
44819,46774,72159,95073
23709,37899,122434,103174
51802,38645,56160,45750
2159,28172,14221,67531
95487,11058,123386,15166
54178,88349,102866,136651
44556,50766,98524,66000
92259,91903,153867,154683
31267,26954,58312,67993
91100,24240,114597,117913
85358,68111,138238,126431
52901,77982,120196,171431
62701,11382,93492,98965
52435,21967,139491,113784
20073,67547,82121,166107
35682,49161,38064,122950
63906,76571,132450,100291
78858,84363,159022,122986
15481,11840,84088,28272
30029,57805,55138,112127
30952,74665,118174,85167
44430,32274,101816,126650
50942,32027,64633,33216
18633,80831,23154,146551
8670,20703,87591,92767
55403,33797,102253,130683
62251,18756,74653,100512
89079,91428,152800,171122
32803,14666,71559,76827
60948,84838,126117,171665
12164,71709,102722,128244
28357,23994,89142,38889
97809,78868,150146,175828
37731,65004,61966,119106
71032,72090,73370,172011
70194,24276,167717,55096
87377,11731,88585,29930
45726,29946,139834,115444
10932,90634,83026,122541
77070,69188,126134,130080
31055,11070,66706,44074
50249,34753,65725,132754
31886,71468,69520,93227
45716,7731,57344,92666
71277,18069,121949,108300
28779,68916,85573,166377
47668,49963,119358,100380
96197,54874,134204,92193
88411,18738,134581,70598
97162,91230,154217,176064
78542,96732,156633,133314
73948,39609,84403,60969
40114,26419,94143,30020
83677,67928,92439,130718
50107,84555,73719,85303
40931,17291,54952,51177
26286,22024,106669,120780
6987,21947,79261,118098
38374,96978,69339,101572
98386,38944,156170,43710
42907,53471,133471,97828
93971,61216,99930,121350
18172,58257,85105,112665
84468,83359,154865,152057
80614,14846,177365,16578
67445,44064,73723,59793
95848,43861,144509,73879
60801,51538,159248,89168
3775,26883,87601,109909
63366,55964,134010,90745
69452,87883,130418,146255
54542,91560,80009,93315
10226,51430,92646,70680
58505,14850,61928,21209
89768,28457,144153,95026
22116,88786,109304,105130
97108,72969,143621,121993
18027,60167,91150,71912
15744,51779,18559,151516
77796,73219,147872,112776
54339,35176,84475,102106
42908,60702,113466,89063
78767,84484,176054,170684
3200,12650,45489,31277
92481,34605,136997,66417
42404,78652,55669,103581
66454,73339,118177,166503
69308,75968,129532,119377
93549,23021,126237,117781
93926,21519,138514,87992
45869,58340,145841,112494
63813,82128,110532,149064
3066,24426,31638,118105
80123,88914,117579,160664
42756,57513,71773,108344
32873,3140,42464,55288
19005,299,71998,87287
14067,93279,37035,181455
17562,85035,71725,179399
15039,26027,80258,122503
49445,59562,118944,123466
12203,65586,111288,90696
37393,24221,122097,52503
41234,50630,89647,114096
8737,95529,23744,188988
61588,69534,135205,152759
11033,39331,88498,115043
66162,46139,115844,85180
11319,54723,23871,104123
65889,59967,75251,119950
13384,52679,73594,126253
38809,9611,78815,95853
21222,88446,39525,174056
86242,27777,132714,44649
66715,59002,118931,82406
1341,95847,67537,185630
67548,33201,164449,33210
41285,56355,137578,89135
38631,50818,127789,147038
20909,87263,26210,178232
83729,83697,117071,139975
55625,19044,76922,94452
49464,43613,87265,81018
54045,36451,74118,38458
51089,71015,84631,130555
15665,24043,16667,114033
738,77626,35524,139977
23873,18770,96691,78217
54290,65971,77366,93515
59740,49239,110954,112309
24976,36640,100250,88798
20763,88248,48115,178805
54101,64123,120395,118664
36031,36344,77480,49305
74840,11199,122635,17521
2469,58656,65402,155257
85200,43191,173440,81732
68163,4029,167997,21956
86065,40993,163154,55888
26917,1777,61385,36493
48325,20163,53630,53679
97205,64098,138848,116288
71765,40778,141828,45941
57691,269,74107,56240
50844,13335,102726,112013
25178,40633,97733,45865
15307,68210,46248,158314
49963,84670,144355,165004
13382,64155,84458,101782
88495,81084,116443,135167
99366,88767,108001,177821
17831,98348,72950,192275
55732,58777,83020,90661
32553,11528,119811,34597
24326,84876,28787,161670
81140,72211,82938,139485
13900,40583,85018,81587
14662,82630,109746,171880
96985,8768,164150,80067
86252,25514,164399,69438
18082,96371,51664,101703
37612,20043,96715,80263
54958,28406,55461,101798
66465,45023,161164,102413
46150,22438,115776,106469
4179,47736,54330,123588
97227,2418,196004,54440
44448,71023,125333,98355
3809,68646,91708,137033
43868,24901,105383,69167
41383,16781,48075,62146
78606,9670,171493,106421
60958,28792,154336,41356
46648,4780,106206,73481
70287,80318,144088,96778
60319,71592,94238,120648
54989,79368,67401,130040
81336,54299,176980,125606
85606,65370,108188,71691
92298,79701,116413,96476
45563,18683,119157,118584
4913,5734,90820,77087
29395,43255,67608,110956
64290,64395,115888,111555
51118,89322,145850,178792
10413,77383,107438,108244
69577,88352,90810,179735
46881,92593,79890,176671
45610,39190,73076,80751
44435,30051,97426,68655
14951,38672,17334,131799
70579,25032,90431,50108
46164,9872,131873,106554
48972,42139,85850,67334
73180,40824,80798,121804
99090,14121,119673,27628
53606,49507,61076,79929
19017,10514,44555,86687
14205,76931,30053,110739
87174,66411,114464,138914
37535,70866,76767,82807
75211,82629,79128,116781
10617,38330,104280,51184
45224,48321,66512,63544
59119,40445,151177,48531
68657,75770,142595,80896
50600,49937,129841,88146
478,28326,22169,69308
94307,12156,149752,110988
71080,71694,150655,84709
57387,13036,140841,30251
55566,14223,125275,82549
57951,20915,76920,28657
93940,22487,154033,121816
31031,58677,82051,76817
32292,77144,35665,129816
82325,40841,85899,61024
92670,43130,190524,100406
19640,12291,42687,102738
86519,67133,129564,76284
81286,55070,150890,68108
41185,68846,127512,126488
17210,72165,62480,142067
4104,93467,55165,105881
7223,69571,32493,98453
58714,73048,93596,159982
96383,43367,107540,75252
94374,80260,168866,117050
67929,93327,92798,171954
93769,43710,186571,78945
90947,14364,109764,72317
64013,82169,117210,132077
28482,67825,49435,150300
71936,29230,80399,118778
46450,12510,145445,38415
6970,40876,18776,110694
40115,81343,85963,161216
77128,84630,80892,165651
98909,30676,101458,120223
70005,21590,121329,98059
83640,24566,96086,26829
90791,5888,179072,97089
46512,47407,119212,110727
30821,55911,64484,144127
79304,11488,156403,42098
26548,39504,104566,118905
93632,10538,119558,31825
76729,37070,130206,77806
56400,15644,151884,94548
34702,76339,77979,86615
26240,46427,66637,103388
15491,86785,109614,132685
84155,42762,117107,99726
47492,60369,51455,63004
16233,12213,58411,73047
72985,14558,149908,38095
7630,17539,57171,60210
71647,65338,152947,85919
98418,4155,103040,79343
5557,44029,66357,92003
1075,7181,62009,16527
26731,56302,81589,140645
74221,27314,103490,64887
65945,89363,123930,103268
35562,46785,134885,53906
23333,59803,52497,123499
45497,22401,47299,43703
51106,34765,114037,71629
65671,43651,91002,131001
13571,73173,29050,126647
28421,36196,49474,92825
8900,2161,34343,13439
83434,17270,85850,92307
24880,89664,58717,135811
82771,96744,137811,168108
4823,43931,59716,83428
77007,89806,144420,158397
26332,45823,124472,132853
47019,36807,87814,60378
38890,19567,73382,70828
27093,25361,102540,58524
17254,26958,106827,39877
17602,70359,76462,120279
14435,67937,36920,166861
257,76089,99586,169466
1371,52870,96469,126290
49886,34194,127325,89707
73730,81194,95085,106736
63074,99251,77327,156298
77691,8470,124393,29783
44136,5878,127746,95116
5690,89287,68019,133576
55440,20343,83068,109458
99270,11034,168741,81726
52148,45453,150375,87224
80271,39123,164276,122894
50615,12951,134557,39664
32401,27994,114841,124507
218,50191,81220,127820
869,64779,68624,65356
22126,26452,41397,56133
86408,13291,116564,88874
24199,94248,68128,176674
41421,72684,125221,89048
49487,6376,145218,105990
11375,40465,15576,115710
78052,4297,142218,10914
92881,1927,115646,47383
51917,1916,95692,23931
17136,97093,99642,175350
68310,78546,166561,171727
13259,94127,20967,142611
16304,48424,68969,72314
66277,38345,111271,91856
12932,73287,85882,85143
26846,14723,122273,24556
84821,90549,182230,173678
1823,50129,61989,86053
47610,26622,55382,93042
29969,19141,74972,71810
8844,11808,94773,57213
3570,1561,90807,8426
820,39025,55468,39142
82571,2744,176719,53762
2867,69811,8477,121373
63016,90577,121664,110339
75664,15072,82800,95159
51256,38751,144269,41730
55476,77449,62029,133107
62791,57789,125256,114011
61367,17010,161207,17171
96565,11580,140763,92336
38453,93444,121742,106011
19873,76071,90541,127824
71397,4540,170318,22223
29381,58283,60269,91492
26371,59227,99918,143207
61160,2925,155227,17726
78317,53457,165000,143939
83860,98949,87761,187374
97620,26436,178667,41703
39964,5039,113454,70191
21460,89941,104591,174776
42621,14236,73762,51800
66043,83499,95423,99053
706,1594,92150,16608
5433,49321,35311,74840
14883,77729,52712,158468
27230,59901,42412,129108
9491,14343,12772,84241
65668,35813,112118,38297
14300,49859,41583,99251
27622,96524,120800,165662
9210,93227,58920,147790
39936,70618,69627,162384
17147,15078,58591,34478
27834,1320,80537,46558
66534,92763,110650,154220
95378,37721,129777,97780
21596,60896,109910,118784
34216,1963,72603,59044
15780,63081,19052,134284
12581,70256,107539,136683
97538,89820,191009,186820
22644,23370,45281,104379
6881,62252,25875,151464
49107,58833,127490,109817
88417,91721,176941,116758
74427,91525,145387,144559
51564,14251,53193,99742
55917,47983,86264,92067
77612,67952,85661,109871
28749,93835,33616,95930
80436,27496,87377,121320
25032,36683,89159,105130
4204,83934,101974,116751
79869,92998,124480,183435
7717,55734,102211,106111
67855,58452,122220,61390
22890,70418,98955,71988
2433,19819,10419,96015
97086,30923,133663,87858
90490,94552,151633,187274
77120,30678,145394,70402
58640,42907,123083,127871
15631,94128,42596,177140
97525,49691,142034,103675
60429,22963,101101,61276
15483,86005,86966,184378
29632,29876,115429,60236
20541,38036,56468,113501
50917,4499,143562,4531
92210,83349,172807,121759
39083,56916,90450,108199
62734,37563,98805,124013
20515,28774,100234,121799
27176,25793,103530,43742
84147,89460,162556,173913
46591,71941,80343,104287
50563,7520,100335,72848
34327,3388,126839,96273
51065,58187,117375,98933
20781,8265,22617,69669
94276,71998,135129,122988
98736,44547,152663,72684
40312,29073,75112,102037
78555,46660,145856,79951
34792,59142,83767,116214
65972,38487,101125,71756
87607,52542,93170,103874
29160,82025,62375,103633
69102,5655,133617,63405
63283,95982,135822,155660
14976,76939,38705,170407
63023,66206,151770,68160
19451,30176,112422,53678
14597,97211,102101,134708
46569,85570,61535,125787
69052,76120,131795,141698
57145,65106,70967,147743
86687,72530,180305,76639
62708,9067,98859,37759
17217,80897,40635,156440
34506,75686,67634,158388
99284,41775,175131,100213
11061,82595,53001,145547
42250,71807,95475,106083
99201,54435,152998,98301
89365,8348,145612,12763
72348,14195,103385,17411
92809,17001,134262,41930
85770,22066,167723,57698
61800,88139,106291,180654
68328,3450,78825,83488
24837,29082,27582,72412
41372,72164,63473,119099
43125,45459,141055,61338
46955,99422,105637,160147
53403,21969,74298,117652
64027,13967,159713,40704
34160,95240,65259,148840
28344,77848,67386,103425
94421,5816,146162,73111
60505,87030,63693,118507
41078,29010,125831,63596
45206,97839,50781,195785
8960,62994,44735,110006
60122,51163,95339,132995
69971,74430,152088,130803
35083,91599,78308,145207
23330,11037,109668,107037
88760,96247,103174,106989
31128,58710,89589,109811
19486,55239,101518,145278
14539,45674,47406,97859
82198,70506,162890,77119
9768,22419,76028,62924
83917,85661,170927,160889
75369,98909,94099,110847
1657,82518,35380,126182
26625,57841,101278,117421
46368,97963,76957,175581
50721,73578,54477,133751
4764,34185,5391,102035
53057,31496,102535,64720
3369,78282,70892,137255
54309,25144,64504,77502
95850,27167,147094,113880
46224,53478,138222,55499
17838,34816,90774,120179
46778,53335,144147,53648
8064,82566,13095,153349
38197,5812,53240,83715
35334,73052,74084,120028
8279,27614,83705,111156
3827,3389,103349,8776
88616,80180,171238,90488
1215,28603,24887,105010
95583,61589,188707,94051
63317,22025,144124,107679
79736,81458,87176,168206
13565,31623,107630,126409
62872,47754,155582,90749
41972,75246,124012,174061
63615,4783,140333,16870
37881,92878,87277,96993
22282,32271,47866,105253
62303,76492,137631,80752
78413,45154,124745,60193
28212,63536,117490,120667
82137,6049,130936,76400
27714,85025,108070,118858
49965,30809,79169,97066
46637,82262,82882,147830
92332,52514,92853,86106
43548,10954,83820,97115
70092,64828,112125,129879
21319,98442,104424,144861
69895,7823,119346,84189
10791,5783,101409,39144
95045,54418,110728,149970
68354,70563,110349,91697
44317,79674,73064,105275
58278,32517,124084,123755
6529,26349,20503,74305
20841,36784,50838,87702
5307,87444,92836,94251
17152,20384,99568,97219
44839,51918,77964,106935
67124,7498,116583,65655
42027,80321,98489,92414
4846,8503,77469,43957
86838,73960,161645,140792
52118,82772,108459,103143
10346,96999,83279,148036
19608,4484,70081,99685
78850,19080,132787,35960
45411,90483,101564,145086
14587,79981,14933,121318
27116,43595,110821,91994
10005,17844,104842,114326
51638,6266,96638,73401
74341,86464,153338,125702
41316,84954,59950,119405
32299,68386,111843,167032
67155,30372,83224,48462
61412,46504,102144,64523
78757,70718,104483,148631
88570,9254,96757,83709
17276,6319,106226,106276
98485,11953,135839,23427
66744,5877,132418,23239
23587,94246,77189,191844
35701,82155,132888,91195
69308,14465,113753,58437
27566,29939,107271,105747
14431,30936,106516,72613
71982,82897,94167,109328
92667,12876,106356,23053
83497,99050,102142,161783
424,21269,30252,41486
26124,33582,41132,107556
45998,88269,50408,133058
15337,57195,35364,139091
41909,48456,141236,135450
30540,15687,105078,104638
30734,29579,38108,56956
19435,26441,109508,82184
21643,44556,70911,69975
88185,59266,91836,101360
52466,55763,136917,117416
88085,74547,162662,103597
75193,31726,153537,39203
93670,22935,129285,27080
88717,39604,95706,87614
31025,49246,125191,139829
77719,2987,161204,22933
63507,76685,147866,111729
51819,90018,54277,164264
14562,11812,49933,67636
69108,88121,127134,154107
63366,39114,138621,111285
43730,16127,109668,25950
27240,16351,51810,65854
15285,52390,34935,123040
78682,84224,98667,84535
74050,48720,172368,132301
24648,53897,99056,138064
88948,72802,171080,138811
61576,41444,138867,71777
92530,70138,138258,73166
58019,56871,80092,57047
65714,83192,104191,113873
51241,77029,149242,100009
96320,24365,169604,113269
20439,43705,64611,121815
19394,24925,86713,82753
49822,88496,147996,175510
6871,39473,9516,62646
23728,20283,33801,79917
92577,80893,155593,127299
23459,2683,115285,89702
80698,29443,101063,113457
43559,47543,102344,140275
19969,31853,72659,83595
32821,23745,96890,26831
64857,68384,137741,164367
34969,87591,55831,169561
89031,26070,155016,123085
69081,40037,132106,57527
17789,88653,49864,167337
65335,22914,140244,115408
38685,71360,105198,140900
2263,7002,94745,78892
53280,24926,104372,28545
17627,17596,38452,75399
64356,27759,144609,72186
12697,28647,88905,82977
10160,69593,48031,149426
3010,79180,32648,128532
69817,65035,159621,125175
73692,97054,78124,133569
5495,1339,31239,45393
90726,82607,119651,140592
92073,43817,188839,51639
26730,18530,41661,116230
9014,87262,41754,133221
27711,26456,33941,26945
91121,11081,147097,27488
72115,60830,132177,151165
1429,26997,11250,96840
4663,11135,68390,20491
18149,42966,80420,127019
51174,91525,85990,156931
53209,66270,68683,82985
1545,47488,13196,54538
89319,27562,179098,54196
42405,17077,57270,36774
77268,43369,116720,135940
40286,37767,100124,85984
72392,39776,83668,84018
21801,65877,88516,143402
40655,4518,125001,83203
45709,18870,51111,90365
25055,31646,72467,127641
185,45204,39849,79266
15860,38761,49141,131273
99584,40827,164345,44601
15526,77796,74035,153305
31970,64202,119356,151236
83397,98165,130276,118872
11163,67802,75270,72712
73045,5589,136845,88507
938,25354,89181,115767
59450,58111,115784,71194
55511,212,139814,19607
6838,19608,105970,64834
72955,28598,158908,71920
57431,35598,76453,43004
31463,77492,42934,124369
599,57434,94950,106583
58939,29245,96392,99309
19130,61715,80673,132611
98097,31434,159216,54755
62677,2004,100714,34675
42056,52727,52145,127579
81545,10208,102984,94005
65558,81985,89197,146318
69451,77033,113637,138247
30401,84161,97500,133998
41064,33342,86147,91243
13967,38671,81061,61192
15483,98203,87315,182604
56322,54425,109767,119622
40709,34299,85275,127143
78306,5810,107845,77104
38470,55360,66178,80380
87769,17493,91958,78835
78917,87145,96810,135067
14246,43832,60916,117490
27887,53498,34071,60805
57228,32433,127525,74784
85038,88315,169711,115664
81710,65289,106685,79159
9271,44098,15207,120718
50535,13571,95870,57587
84654,29109,109405,46322
85384,55177,135954,79434
54014,8799,137016,85899
73098,32516,125572,101322
6194,7105,105557,32203
91925,8643,163758,95824
19830,30180,95839,66864
67376,76674,164790,161990
75108,9892,76256,109637
37142,27130,107687,98551
31268,77907,94313,156172
65087,18956,150542,89708
22526,97461,94580,101053
65421,34408,127942,75934
51161,81459,140793,144793
52222,42977,100600,125291
32009,14093,112949,44953
32446,93156,127529,136008
87410,38684,133952,91473
24889,41285,76936,72881
24645,99338,43997,110280
25520,1798,27047,73978
69797,75289,117309,137030
91135,7609,172311,47123
65891,7511,70662,68189
10666,33772,40462,66706
58797,91956,154341,185752
58224,85010,107338,131911
96437,90579,159131,155461
58546,33517,105872,51196
2905,13876,76859,86898
5585,45464,99312,104664
96718,52023,125672,142778
89961,43648,154197,60758
44858,5281,97793,80766
32174,19091,108650,78823
69316,39766,149591,48673
85428,48775,134801,107663
83622,37894,128047,78772
24379,27925,43899,98599
76089,81377,143296,148415
30403,46344,31405,61907
60564,98218,142638,169555
75759,70041,142238,161500
47281,25489,62283,120877
40266,46089,136056,91186
80316,6356,148888,25545
19209,45683,98868,66880
27295,39785,89582,42044
13914,85104,109743,92007
22722,95494,22856,128250
32750,76381,54546,130300
96484,6210,164340,96867
47198,96425,105788,103527
91711,11699,116183,70662
85508,91663,88823,136522
99246,50805,192926,58975
45649,73432,94249,167371
4041,18672,21266,113407
72740,78019,163197,149595
42524,6241,95041,42289
64555,61759,90405,70638
30971,11531,60168,24516
3403,20115,16529,88546
22977,70447,106376,77911
45981,41254,132750,139253
88104,40215,119408,106626
79705,69643,169498,71284
8191,74328,11240,159032
47672,71631,124204,154015
57699,66026,74816,88050
7033,88249,86565,89251
70976,24839,134056,35466
95074,75014,109576,140207
54741,33878,102095,94590
69488,97824,120988,193128
88198,37998,126493,65120
12120,14859,20783,110064
69190,86018,84562,179369
26709,40993,90097,118195
40540,62813,129368,117987
91586,79878,139170,164717
86175,21704,108122,114004
49611,52354,133199,106642
480,2907,81624,31599
82127,89939,96523,184394
90159,53989,95951,68902
57849,8127,121805,39649
80414,9028,174835,86948
1134,26381,46125,85156
90989,23370,122713,105587
87613,4692,134459,92604
74719,30647,91882,55128
80855,12182,161843,55876
79406,29535,111064,32879
93790,4620,122837,25033
88446,67222,116493,130592
25043,50241,109179,95438
54385,67626,72793,156472
2374,8014,15192,96015
5461,55614,95954,139572
35639,30812,56797,111967
45599,67111,51541,118814
33881,13570,129827,59394
83085,91,123552,52539
94949,73598,181035,83318
26089,47154,59567,67380
37946,46904,85022,121553
31136,88508,60326,123965
6082,95161,103590,129568
35687,26680,53295,48857
43032,41168,135339,129030
46433,27228,136844,121288
1390,4078,100116,16503
76797,58636,169932,106956
40345,79421,106950,139402
17707,38057,102602,111307
89766,9898,109737,70917
85615,725,141859,79870
45275,29458,45863,83553
52372,99305,66637,135768
80921,91638,120259,147274
84053,85195,154650,132424
43668,45473,78217,85774
75763,57636,122815,102322
59985,9570,83125,74495
76798,58848,158758,100305
86955,51703,155279,104682
39275,37986,100215,38638
46183,28832,123542,117205
92260,4038,125092,64393
47309,31111,120345,59838
62232,53784,71442,107072
50945,27157,96881,43851
21475,39388,77037,41984
33294,18320,35613,62635
39373,12803,99907,29848
83153,27183,145464,52735
73939,72229,101380,159082
38961,16420,104610,35326
94271,63454,192406,113456
67468,58249,102416,106838
79895,89995,112960,123586
66735,79770,107723,99771
96173,49356,126323,54755
59083,87613,80732,141145
17934,82013,37334,132398
56060,48646,94664,106767
1218,50497,69724,75885
37142,27720,37941,50357
47834,14359,123683,96748
77392,44064,108419,49882
14012,68032,33108,119399
59428,98419,126151,104084
73588,67345,83878,115578
42146,43063,142005,131347
39566,13658,45738,29020
19704,88987,46640,151968
72409,39836,108434,103240
59983,87188,146086,89843
86140,20114,159350,24160
27031,66880,81081,88839
18180,91184,54031,172178
48323,86237,57059,107101
85543,95490,101611,150564
4160,46156,29579,115110
65486,40628,95113,108069
85171,68328,151842,165003
166,16412,5057,114885
19976,89788,54175,98805
50539,81325,132744,166716
96921,22250,171674,56817
70244,48920,92088,130183
26497,64329,104232,122556
1046,44624,84206,50956
61929,45110,118663,103443
28752,10056,112494,67999
64217,19575,76558,30789
82339,54125,126807,121533
24034,47076,51647,139929
40689,5226,74931,93454
41505,27087,99536,93763
82652,52538,129782,91049
92817,68346,107905,112293
70320,38436,74178,51669
26571,74048,80530,156047
36394,33638,98070,72797
89389,35606,151362,58867
13694,36877,30497,46031
91437,80041,96779,129842
60834,61278,72494,62022
51012,12305,131983,84163
17051,35665,57431,39521
1893,91964,35973,156866
94795,39897,99420,94086
81170,84881,140421,131062
67740,43638,158277,134517
26938,75241,86610,161275
75158,33475,83393,40530
40105,72926,85666,75753
19191,43851,110285,117207
81654,1029,92437,19239
44371,10044,96662,41001
40922,52853,124364,58092
47355,27429,48806,48757
87348,20918,120566,24509
33493,5391,111539,73518
78491,67765,174359,147692
76477,92856,115087,119623
30123,8242,67602,53528
35057,5348,101236,98438
39939,46288,113494,112557
57003,4207,90057,31763
9796,39469,59876,135353
99449,14322,177120,73321
48855,62843,68790,96162
6001,61133,43256,141320
96715,96125,148260,147962
13388,98381,99836,187734
89954,90074,166364,172204
65360,29309,130070,89328
1553,30410,65601,72331
7872,37281,25056,38742
18592,8719,54736,86675
39568,36584,86726,84990
45779,88353,139443,185499
95580,2206,194294,18353
39392,28172,109807,62197
5649,78111,43260,93827
88699,78926,121698,159385
6745,94602,96866,133785
25409,2352,76075,26787
17170,73215,50302,88401
5024,323,26880,59928
30692,34907,59054,63011
83340,35855,123488,41825
85050,79670,143109,129844
84342,35020,181605,53781
61914,45587,110113,49047
21041,94022,37597,149833
31294,44413,108437,114220
48210,1479,148051,26058
42885,90318,66405,175836
222,25527,13598,27912
70193,23036,79062,28867
91757,96381,164904,165738
27767,12260,107338,88824
17698,8759,30077,75326
52870,78799,130739,130713
87275,88413,172286,112970
32816,48165,129602,139737
79352,29493,95630,31577
85953,45239,130740,46758
8985,52212,89391,92868
78137,99087,150963,141769
93658,72882,163255,138573
46326,72237,136849,162111
20861,35798,55731,74079
7025,99526,64778,156931
71859,2098,90816,61949
41875,90425,51971,105854
3589,194,34071,29646
86336,15041,149507,45916
60471,89120,85306,179933
41614,91633,56854,189838
32025,99682,56347,106615
38494,81152,64613,143120
83077,5279,85482,49214
94087,32116,191311,99249
30622,54698,115666,146787
90135,78411,91973,115449
97952,18509,163291,43528
1847,38431,87480,133711
55113,83431,87012,151891
3454,26118,96035,84214
781,85385,49639,184087
33120,68088,38081,73565
62479,40866,152652,81521
65610,87491,67015,113527
66353,72235,161939,101838
3815,9488,19444,100941
46107,8751,131910,84579
7308,54846,46232,141951
3615,58456,95256,131230
81665,66192,84635,152981
19213,99434,21387,184653
59000,87805,82880,160381
3329,13779,45077,55980
7890,29273,83200,37076
33836,27250,58108,65983
80540,45577,175849,98948
66661,86323,110799,169370
68176,12434,110930,79376
85624,24196,124476,75703
60460,63495,117188,109654
1617,76006,2328,85412
81542,32567,124961,98169
62652,89686,85487,163059
59718,2483,149785,84737
33158,85289,37378,157342
83711,11476,178989,18600
57457,17816,117014,19496
54333,19650,138321,88980
9873,94772,42561,100026
41785,81031,70063,144673
14785,39651,75622,57214
2372,26848,43981,62046
59194,79651,131905,149438
67839,23048,103325,57300
87436,66451,170235,157075
95250,99135,175851,102370
86079,26016,181490,62484
26176,42267,38657,56734
95194,5299,124577,60332
63730,86535,118363,108009
71616,5642,168007,38150
27543,25234,95713,44970
45767,14615,112206,33156
91403,79061,107158,88931
42452,52160,59349,146671
93571,96822,141536,107204
10143,16595,45870,85236
49024,72966,52337,99858
88931,68706,154619,116094
518,29324,82878,54635
2318,59282,19083,140337
71669,68031,98157,136345
90866,46193,97331,140865
45819,12047,118519,19100
80843,68964,161076,79478
94022,42894,125405,126301
93372,67847,110310,162031
76247,6067,125424,73402
5280,70227,89644,155439
31479,77576,130029,116896
67,85288,24366,163802
46185,15401,79721,84999
53268,58909,133739,86188
71004,72204,140599,102737
73361,79698,118285,152335
42975,95160,92289,112337
33755,82055,115670,160704
75478,29943,93414,127593
35633,35995,122953,60692
75264,2449,115436,20675
74703,33126,103671,101347
37108,75310,105584,92641
11430,44597,52698,90103
74128,31886,118508,66960
97645,33493,153908,115649
23950,62798,121098,128935
44711,82228,86828,85549
38621,36706,38697,109329
1623,30651,42176,53325
65283,83326,106840,123157
45800,12628,85867,78750
87894,79596,185734,143005
8697,89048,40255,100755
43011,14170,99515,33272
14536,59064,19370,65096
53381,94751,138896,188823
74526,92637,149802,150446
7427,59003,29192,120841
74036,66600,90036,109444
91757,25074,114927,26038
68361,3633,113842,89261
9348,71736,12859,98270
29982,7978,51334,92525
87007,82684,115682,168927
29499,61589,66662,100967
70357,11389,74215,84485
69563,2408,136750,94198
18732,67585,55706,164038
75736,19842,153753,46536
53331,48343,59760,124901
23463,36690,76714,94673
26386,56279,53060,139115
38422,5674,125816,20245
4222,71601,97299,138270
93778,3269,172008,12059
53362,90447,98567,114233
42034,84483,126705,139752
62759,40238,108224,127184
69620,44074,84816,75221
33560,21056,69418,106090
26913,93314,102624,128703
97884,88744,194760,166012
73049,84392,89035,126645
41970,53731,51638,91450
97078,10089,129813,100428
48124,89648,90143,143239
94702,75230,150372,111641
1340,90715,7673,101528
95844,63711,125934,65313
80328,18515,174409,42902
88742,32208,138168,51473
55449,4644,70793,54016
33292,91109,83016,163414
19256,67238,53448,155090
99164,71253,148937,121139
44166,93126,135290,162485
79440,89799,139131,161605
88624,62526,160184,130081
22019,62653,77581,125062
21718,25472,32017,33401
50299,84217,122698,93900
92169,23251,161194,87057
11302,53014,104797,138200
69447,1827,150827,18464
13435,48376,27679,100202
80287,25333,142804,101714
10301,97173,73659,129847
14496,7344,103602,58126
3003,99970,52604,144506
25005,99271,76805,165884
694,27017,96139,67390
25984,25954,121472,91568
35235,75179,130874,155913
51468,19867,100654,59965
59030,80239,89632,146443
90804,34447,152940,123571
36478,52769,105866,137576
47198,7074,80285,59133
76696,66661,142333,104951
45243,35538,96955,82544
15223,38940,75816,81638
28505,40454,94711,50814
67759,13238,109223,19655
23146,57264,42015,99018
68574,95937,123747,190214
24722,76005,91947,85804
9758,62709,107963,118158
88834,53985,135707,150400
41200,81302,98195,109181
50009,83796,94319,93717
26098,66421,64752,129442
39297,72011,55808,142142
17635,59449,33623,72173
32699,88305,36935,115349
83849,50398,146358,91764
93742,68102,159300,163563
69193,80634,158659,120711
57569,99413,101105,100295
90027,81234,134490,156861
26354,39046,113376,58801
9243,81295,70411,158672
77092,30476,152588,119146
63534,70583,144070,86357
39376,87751,90110,183444
3674,77757,48211,124825
35344,38530,52435,119784
81191,89903,133877,158060
45067,38740,143462,79297
9709,68136,81988,115326
75266,6227,101951,77897
48011,28275,70504,89541
81724,89126,133364,137551
80510,42253,162446,137735
20149,90079,31666,98053
28305,2321,55387,8804
5770,7508,95462,85747
86576,91333,120517,100000
54751,35251,80251,116604
45892,72740,52824,151665
57792,69859,112889,75338
14957,90229,78283,115767
25832,32199,55568,54836
16410,38276,107697,53285
82765,822,109864,66731
54846,37971,96981,136732
80198,58554,81376,140770
64667,92458,145585,180391
84919,62213,181138,97300
10565,27817,86007,62770
34976,95315,62324,127455
47717,28364,143291,75209
82420,73531,171712,94605
47815,87208,114304,124929
33288,94143,125056,191214
99131,31073,131841,61470
76125,20675,130922,71033
84597,38732,105428,88201
78186,4483,114682,89367
68926,38334,132653,79704
75847,45474,129111,52354
7089,41242,20299,117660
39982,85151,134069,103321
28403,1515,51888,32859
30530,85517,52687,87349
66478,76689,109286,150511
50505,51720,57440,73727
88517,62703,129046,105957
99512,89964,118271,129485
44567,16265,54754,80303
52513,83220,85808,135311
53688,79202,100758,128973
81785,7834,136133,77274
54174,92434,68445,141493
23896,98283,78930,117873
86996,80318,147173,107488
26498,78735,55728,83252
83218,50423,153348,90834
64660,83307,87811,124750
73361,14317,116673,56812
22015,82335,75152,98156
7560,44363,13208,62048
4453,97288,57567,118069
79939,84760,133036,143243
62874,22655,103818,122584
94615,63865,187450,128529
87411,67585,112640,96752
71975,99760,99448,152318
8846,12246,95744,98603
17124,82472,113941,119191
67822,45612,154483,99982
7379,79684,46305,133094
1171,42867,19438,98990
24244,84514,68560,124963
56326,14233,155352,16908
41517,16157,127088,82465
59334,53299,153812,67752
53122,36353,141886,59611
80496,80039,130355,146979
26767,97341,104927,178174
8632,29482,99251,44720
73709,47938,152019,116139
68141,49363,126306,130662
40890,6079,44657,9806
25790,50234,63794,115084
79236,77678,162873,112961
65200,4832,161149,68145
67936,92081,87256,93210
13666,19307,91675,38077
59778,77195,123649,94556
30282,27349,63864,67216
53897,61018,107111,90525
13652,62583,51453,129041
60010,49388,120926,105765
76885,88573,122765,98347
61272,26531,150598,27711
67193,13943,81814,71229
46360,22182,145250,82383
55123,17058,93339,27081
40840,12569,121464,91105
61381,56564,154552,74552
2122,33493,42182,100265
35409,30907,95664,111357
67547,36643,114276,75128
11813,82962,67162,111672
81098,33262,163956,54220
44940,72990,132501,119744
67807,25275,131349,64371
20400,12578,118486,94880
56191,80577,77025,136080
6930,97195,86177,181242
12860,24226,25228,83560
89862,70427,142998,162900
92446,67199,107702,113868
41321,6805,42458,73364
40949,60666,53366,134864
77160,52542,175009,111084
39197,49372,41871,73753
45602,42115,131044,77508
51686,58015,102427,93582
88980,68620,172738,111391
11560,54623,57615,138998
24247,20280,118330,20334
33793,80366,116617,136195
28179,90435,115431,181097
59915,61590,77983,84785
54160,96041,79931,179909
65982,79959,140816,85333
57108,96699,74074,114559
2317,63448,43788,91008
55445,2519,102585,53100
92142,51708,101718,104528
40886,68011,113328,156319
75119,11105,154304,103823
73130,98013,165731,185846
93295,2148,153058,92224
34986,42497,59647,74305
73229,48687,146237,127132
78302,17186,162396,82584
71417,48863,86574,57247
91733,89779,108892,119035
17459,22439,69398,58029
41463,72807,123482,106164
13181,76769,82720,159249
27229,48671,79875,51565
44893,12116,118773,17949
63184,7398,71339,21979
28763,66001,63598,150699
14996,19397,94330,48760
57049,59220,78820,105386
51067,34537,111930,62098
39251,17650,121318,60462
3239,2994,11455,84967
25119,65076,101170,116944
28328,93180,86904,166005
53536,68048,88937,118690
76099,62019,161343,153014
17564,24682,69573,43489
89219,434,177167,26706
77389,76076,140113,95979
1203,43147,49378,131472
84212,92853,95315,153489
2587,47831,85129,147723
9863,63535,96468,69445
77416,55304,141832,73251
49075,12772,93024,42818
12607,43171,12719,69956
56788,89162,123287,143514
75043,11873,136900,84312
61293,24284,133655,70919
63126,98893,134848,144954
49276,76082,90737,157936
28770,87999,100879,118202
53261,78292,106240,136538
75253,19276,172886,59202
86646,44583,125320,105851
79603,82579,167597,164088
90947,22949,110413,31494
46969,59697,79397,87792
58022,47807,93046,53035
71740,7383,147517,79233
20324,35410,45893,98462
44758,9281,129939,9763
20728,96981,106504,134633
36907,36818,65901,94866
72861,39640,95634,82661
92826,29887,187001,68400
60735,80393,95451,147487
34250,20460,64615,83725
21440,9165,45800,76873
7663,77313,89408,129906
46674,1520,137690,91583
86260,68550,161938,110939
31973,42804,98725,45915
77101,16812,142265,19480
11708,7292,25071,11782
36138,59341,77162,67928
11696,64892,12988,73086
40832,48370,46323,49943
13676,60203,92766,98068
74046,76961,127594,87981
7528,18642,50754,33859
89410,45248,136535,81117
78987,2824,137150,5037
19450,34490,57811,35196
6657,86436,69757,136867
4782,70711,20018,137656
81302,90300,144410,118859
61710,57348,144177,94290
42307,80004,136003,80336
25570,60374,98558,140165
9982,9587,30406,46451
38719,33122,115703,93322
85836,44940,120329,107720
10130,86580,49013,108219
65983,54347,131432,117540
23607,23749,93944,58303
79907,32819,173091,67139
96889,27979,109360,125237
16807,72481,77965,76291
95336,686,167662,87017
11461,47456,24986,126727
92503,3816,158338,92359
20237,65701,73812,81152
46303,89376,83136,146117
54223,79588,107155,108736
81617,45539,94351,120909
48172,26380,126566,31393
54747,86403,154044,124907
49537,21140,67046,67552
91982,16734,174537,79736
57080,44833,71604,116815
56913,43794,119440,123270
77023,10672,154856,95395
13000,82790,63467,166172
25289,68277,94294,99134
49466,81967,69140,153238
59869,68938,105652,136011
98997,22135,172087,118542
64409,944,111443,43529
17681,78721,106748,109923
1936,97770,16392,111333
39645,99154,95414,174045
41203,5933,92024,37872
45129,73676,91109,131535
58945,52484,123377,122673
609,26451,69815,79199
1637,79366,40026,167337
52609,13087,142333,49735
82823,11506,164893,23724
16549,64133,48327,106739
62250,69510,156102,81876
91822,28648,159007,30475
93657,752,176515,27115
94846,15995,143883,64918
64314,89266,109893,143005
91297,8353,107542,17737
90050,71591,125779,87288
65772,35206,93882,44840
65713,47564,114058,49462
60168,70469,97848,125392
10089,71830,83827,87063
36814,78976,100381,156307
66182,19153,113032,57648
80261,65726,94203,71264
25061,69898,28652,81755
70623,13039,97600,32453
87094,27873,149161,73318
66497,59113,159882,107011
50198,61441,79826,93243
14756,87688,90608,155534
648,19553,78458,41857
53072,53989,76909,100718
45763,15010,138579,57639
46743,25160,113015,45416
8394,7023,65683,95870
44640,6279,67497,28501
72784,22769,170953,58899
2791,15312,15323,80518
46795,99045,79154,186795
26774,58675,35522,123899
80106,8295,84859,70705
21983,81182,28482,96097
4927,40600,40605,127936
38176,9172,53971,44957
405,82202,87215,83658
51161,15847,135906,38151
46168,2853,112936,83985
53117,74629,102634,152205
92600,16452,156249,24445
58872,63121,73731,153009
49789,8676,97873,28805
81597,37577,120617,48642
42421,72433,51213,90479
64906,67156,74459,156125
39119,75829,134760,109876
87925,1533,115236,34064
86337,66652,137513,124687
51001,40329,56500,110094
49404,63551,94331,102376
93965,60668,97068,160656
18475,25434,78706,73476
13155,4099,27401,69862
8035,80142,34167,140997
51116,90411,56702,113346
28563,46702,102386,68927
19097,34367,69913,57488
3000,8613,86417,85765
86101,13222,112828,91970
53551,88431,117967,103868
44582,80153,81520,174954
53361,49762,94905,87824
31065,71096,51894,133963
5551,4697,93545,98928
4010,33666,63242,113841
49969,16331,138785,88565
2553,46797,7062,54722
50703,30170,54357,70748
14916,65570,49613,145241
7459,17097,44771,89896
3396,18375,47135,78667
31825,8157,86690,75376
38654,81840,67978,162479
91003,47309,121021,73857
6877,7738,87601,66169
14127,34871,44405,121831
98368,66753,180787,157118
98099,85278,140805,131123
13320,8675,51444,23477
27486,88240,56414,148148
94911,17417,184365,82890
38548,45542,134085,47130
83149,5344,117321,70737
2103,78589,72129,89593
53057,20674,121573,120420
41726,57324,76074,140035
46124,34959,122343,110082
71836,20355,146922,29937
25007,89270,65463,126371
2729,46623,79146,90050
41350,99963,51360,111331
36886,47449,94197,102146
54628,92289,137150,135340
48707,33095,139688,74562
64697,15163,77866,74264
97691,17140,114541,108232
54149,57165,138072,70466
55300,38339,56970,122131
76310,38073,135859,133033
56718,44208,131599,57799
44435,52982,128135,146803
58023,43415,62509,81439
34417,8124,132504,56547
26641,3907,36905,58274
96094,26297,118608,112351
87806,74024,130079,134715
91201,11156,150546,48991
41318,10754,69901,90875
45617,6690,137188,97081
19477,72520,88998,116157
35549,84527,69392,169118
1430,13891,37505,30003
25994,29477,59133,59235
72678,66408,153225,159162
55958,33651,107154,47649
39652,41228,82335,55834
54612,71536,142452,77146
91155,96324,184777,107458
95820,30129,150389,119930
25376,80981,57246,138833
8864,15841,99089,49644
79374,50189,159863,109566
99577,67476,109675,126351
37884,21244,82510,91939
73950,50949,169832,113102
11030,48182,59846,117702
56468,72836,73658,131746
90250,4177,130879,93630
72830,70557,96056,95334
69416,54012,125913,102386
7040,66877,21391,79510
99189,40536,197236,71991
21294,44985,77088,61724
60448,8989,158246,36426
25119,54511,66406,122566
69853,36229,78880,99711
76861,84042,133269,128832
11210,53472,12110,96993
94966,45601,123716,116109
13687,49061,46013,136731
82505,89250,147235,90609
55215,74053,153683,137693
23971,86243,60257,129612
38986,337,126364,74453
41021,56314,140587,141219
66338,79600,72847,149177
10477,91074,97570,181344
74048,6886,104170,28839
60968,66355,63470,80303
76447,93716,98077,153980
64619,2106,73917,11169
76191,84913,153559,106583
84322,64630,114371,87568
924,62386,20321,63842
83773,49151,110159,59499
99497,62221,187027,117251
92788,79234,183958,118606
90545,61803,111391,103589
79788,90430,112579,126283
34215,86291,118278,104065
80849,43127,177618,50589
89581,31739,138444,35208
9233,38164,48545,125676
73053,10538,164858,39045
87767,9931,157216,78210
13905,13343,20674,111853
5335,30388,43222,51398
83223,49434,124242,66958
50465,76442,128457,123191
68894,40099,110812,73472
91151,62494,189789,77785
10911,47088,48487,52217
37947,248,81716,56881
2879,24805,21853,61746
84564,36894,177647,96697
34890,22281,62645,88396
79831,32895,155345,67986
14772,98517,42899,186227
61906,80243,130879,99165
42758,4101,139291,38320
10205,52627,93223,133715
6866,84508,12494,169464
43538,97529,69241,124078
45388,35042,131968,91780
97657,96455,137674,119703
40334,48786,65226,86947
9800,65930,36133,101301
94538,90084,139118,119071
56717,91649,87521,134081
16161,39115,104839,119756
3235,21315,91837,87982
33933,62893,95430,126993
36507,22391,45711,113051
75050,16691,150169,58654
97924,14670,157344,71535
29348,89719,109188,183713
51867,72338,70262,113334
56648,12872,138142,74855
29610,88382,33170,162171
90867,35133,111637,36028
59752,88786,142783,183685
69395,77598,140341,118938
47270,67836,135531,155944
14823,96875,39585,112247
66350,87279,69132,182546
26656,88895,70210,182195
28210,59847,120083,68232
61578,3471,105534,27232
83307,36900,95976,72117
61625,93994,103093,101592
18060,73281,107291,75796
24669,68641,96306,159801
51103,63425,74087,124621
64847,16440,104033,35534
96369,72372,187358,76424
84635,19183,136238,32146
1615,6063,94464,23767
63993,28267,152369,111596
20508,78526,53237,94666
55106,94876,99815,109145
48405,39842,55479,50951
14686,75801,31785,175509
73077,29677,147048,39284
70140,20514,117978,53047
41088,96813,134964,171264
41145,29254,90628,47789
90597,15816,175413,38862
32378,56253,81602,146728
67063,56597,120294,136415
77375,41657,169231,67070
55954,48799,61298,95238
65867,66546,145510,145070
58509,75998,147054,125869
90447,16028,148023,104418
18863,98590,20024,173394
53421,84142,144135,155206
76451,64780,112319,126600
24220,79974,62513,169311
49610,78695,62016,104287
9971,40353,54660,61932
26363,90239,66190,173847
11487,15315,22313,82448
17373,82361,50554,105246
46870,41742,113788,50985
71197,48566,95698,77413
96770,6708,111303,24609
96008,80480,96352,171787
61504,81079,126283,168094
91578,43636,156553,75026
69096,74864,73755,74953
11387,28972,59570,30395
19297,74471,25157,164838
12177,64489,22245,161442
4974,60832,57156,145167
72020,88124,111596,148666
15911,42017,26955,135907
97528,35628,125990,105126
75137,42624,113559,138377
34006,66023,132715,95962
29790,85940,47790,86549
92822,86669,113678,149746
32859,9392,125727,83360
7057,6036,97983,59501
34775,9048,90346,84486
51202,88403,130699,186619
26352,1218,40312,94005
40742,5432,77620,49721
37896,2875,106866,89980
21908,4346,97286,10982
60422,53141,87577,134197
68673,15355,144853,30263
72858,83934,104077,111215
52604,4178,129821,85051
7270,11489,62809,86289
55943,96265,111504,154319
63303,85337,112295,185010
93004,71287,108194,88364
8440,98515,22611,188729
48171,20150,76175,67532
1831,18991,98573,47244
84141,63759,152641,78380
66284,73194,77836,170511
54363,41815,55420,59766
23708,27202,85401,65414
60403,96513,120349,100238
13020,4162,83753,85810
23963,62005,97847,93395
51415,5545,107613,69577
74947,890,140235,15774
9032,73558,37396,169133
79400,62980,113612,162338
75496,70864,108932,70887
28902,3708,64161,23704
22750,68257,73864,96000
57639,12065,83367,68400
96832,22664,131911,117377
64977,63238,80848,154066
75425,15891,168717,108733
78377,20442,111247,93796
12217,59816,37215,104939
19979,57061,103052,145676
78514,45108,127846,105714
72362,56552,95254,142265
16509,32249,84847,108313
85213,8269,100583,34434
51478,71880,94390,160495
73113,99471,86408,123205
9629,59012,51619,136565
88493,57075,149356,116635
22254,87396,82432,88417
84593,11276,151742,69288
29194,10035,105965,84441
20774,17427,72721,100901
52616,83761,125417,120308
76571,2151,141960,36290
11934,3355,97975,70159
95268,7833,115335,26592
34702,63154,97362,103038
64314,25899,108846,27892
47515,27365,77422,79900
5514,25985,92197,115515
93004,23349,160103,59218
59759,10861,113624,30155
82602,27978,89771,33379
99846,10783,112806,22953
70450,48387,120337,57802
30340,51955,105834,139014
38184,31913,54679,54437
51011,87081,63580,155793
29867,33702,64435,49967
90294,13439,129840,62743
68822,15573,79498,37231
69809,44308,86621,98490
39904,80044,103018,152056
65141,72658,142831,150397
16945,11604,50224,96241
42902,70609,97524,106546
82881,19021,109677,117489
5397,88760,16697,143002
42625,24439,142552,64679
40564,88576,65651,141450
46110,49785,91541,94126
18983,90964,36971,147784
17169,90695,84678,167561
78990,6591,117281,78186
2467,64778,75877,118449
95946,87502,182298,99784
3655,42567,71491,106282
69625,15328,126570,53264
94675,62403,98884,89581
98559,79427,119414,82579
90349,18402,179551,48854
56442,52137,118946,125038
56336,77955,137343,122817
50832,80001,96152,161322
80262,83317,144263,172435
61339,53972,123294,62966
7221,79374,103663,113870
8334,16484,60916,72571
72250,24791,149674,108471
80042,58564,116702,66326
97785,82858,157540,127555
51361,39951,106069,80656
5568,2478,36456,17339
8596,80552,30805,171741
98726,47401,154746,114832
5619,79777,91985,155402
83536,69718,128994,138020
38698,70109,60844,114451
50750,21050,105265,87073
68092,32960,152343,42570
76732,22052,92285,119608
22846,96127,78864,159984
77285,67132,91760,142030
61910,77970,95605,98213
43758,44524,45247,101756
56152,57748,97596,105254
19272,90686,19371,110578
99616,79481,174463,149655
32918,53816,111517,142915
34331,54900,133284,72888
12663,71195,85798,166151
59615,96366,67074,105891
86782,43890,122191,101814
75496,77204,92934,120131
7155,98379,65598,157795
5660,83932,23360,90101
83218,99108,98885,177252
45273,80336,82417,158227
31149,34543,106504,52045
1316,70403,54579,138361
29289,64634,124691,136550
33044,17667,100173,23002
49619,46471,119306,111948
85639,14276,157842,81679
95655,7986,128210,57587
39920,55235,57989,140963
67537,24028,77384,106838
19828,6423,32741,48100
47376,23005,127876,87029
87181,18207,104496,26670
90608,69516,177457,92952
69339,95120,133834,143549
15639,72606,103795,172029
19692,29372,108739,126342
8612,96953,59256,106946
26712,20705,101214,33391
91309,49498,120417,99418
83592,26279,114535,58871
27387,27110,99304,57027
66780,20657,143437,79136
59606,82235,98743,141078
20526,51239,79777,66525
8659,2166,95809,78409
71171,22397,101578,62001
87865,51802,136074,132197
40815,79102,44049,101583
33585,66666,36589,98157
79052,48443,148776,92812
72960,47158,153482,72803
44311,16527,79742,25109
8268,49172,62486,127881
66366,91444,150591,166264
52347,93822,128158,118725
87601,91198,109149,108833
82102,41538,121040,103059
72081,30489,87402,87457
34832,80805,117730,158093
51405,94238,111095,129862
94212,73432,172217,100657
87319,5625,99420,23062
97939,79068,116150,145523
55271,42769,57153,56154
37701,94825,137251,168920
38346,19854,100515,46369
17137,42368,49197,106389
54757,68534,118316,73493
70075,45010,155074,59922
51,68706,97354,156026
80881,46720,104962,56183
39807,81894,106467,114995
42358,50610,75268,126196
92794,42966,185529,94698
17816,15767,84246,50313
45143,71767,108452,84704
54351,53991,66337,148133
94408,32840,99437,44178
95058,69024,165760,134852
24949,60740,58453,69723
60454,22722,140328,49805
98108,93834,101499,163022
67456,76120,152380,108839
30445,7648,111453,32502
2241,1982,88908,43618
34688,7104,53271,101183
33620,95937,39478,166813
62301,98935,77342,197962
12975,25565,90794,68344
21828,54019,100633,137279
57663,66177,86661,72387
80785,76048,155138,90191
11848,46186,27105,54010
2034,91305,72450,167242
69002,58741,146724,157274
95763,85531,173556,90946
38814,61200,100830,96114
43558,5485,55892,43005
75872,40334,175298,83971
90823,96669,166902,181332
23718,73049,54151,147041
56689,72873,81410,168921
25438,46043,92537,100470
34955,63770,63794,76604
73090,68095,127283,159350
55792,22148,121016,52080
7604,30530,30695,104044
78405,18704,82144,64457
5703,76946,27915,176339
5788,41977,70676,104618
16702,5390,82065,94819
22886,47865,92883,95243
73370,61476,138145,89630
84533,71462,113788,94187
81851,44571,135492,104065
21965,66353,44510,87854
59655,38433,142801,94953
60183,29427,74984,31657
65754,2119,133261,79824
66847,25826,161640,89984
79061,80153,126572,144015
64632,46359,114613,129384
78492,95447,172870,107148
16799,75762,98775,126522
11977,35053,51226,45599
56439,94032,103485,113291
30326,75077,39770,158973
28178,60026,83917,123401
7852,45732,45561,54743
16877,90100,49508,147300
16860,8225,76613,66151
8280,19780,37962,65412
88450,18080,101977,94072
57657,96875,97250,140397
77320,2697,77433,4657
83197,93365,137783,185044
98404,24712,127420,82282
82445,74631,104078,106609
72017,34133,164062,117512
46123,1631,93544,12316
37961,5333,116474,17754
29337,58429,125089,148231
42817,89938,128945,95931
87342,23488,154907,107997
64202,27540,114754,40822
87753,86295,131449,184081
33172,86041,79379,159306
36720,81140,63604,173789
19071,43080,90818,74477
99322,18252,109953,75489
15652,69075,23502,107998
13574,97377,37485,124579
77310,74382,124430,126701
35198,24703,80451,64636
77642,48244,103824,74287
60635,87750,126460,145751
20883,99922,27149,173629
15022,60211,91130,77000
57040,23026,100297,61217
46635,50635,135123,103446
43103,6810,87526,47314
2414,4996,45905,34332
20822,43080,24013,92562
95443,52927,177924,57224
70051,38967,146198,65563
91565,6548,142138,36719
28147,6007,125551,45750
94828,3319,134216,30086
70489,61035,71295,90652
67643,12100,124397,85649
22532,43395,53026,110237
31542,67214,78776,144872
32222,48940,119821,109285
97009,92352,128565,143998
84649,20011,180815,63431
83739,37606,118137,94249
66515,96373,132349,140955
50779,47509,115587,122313
88546,55808,107345,103719
49144,98309,145720,129024
94464,27788,176520,42588
59966,18593,91370,44451
98463,89730,132478,100907
90971,70335,114972,145055
47678,6336,147273,57631
60055,85682,92088,134894
19825,93564,24060,125657
26298,86023,41853,133222
44100,96609,89036,185100
88405,96323,117691,165518
17659,80333,106053,165675
63777,83056,136222,174439
83487,35577,116682,86400
68421,1104,99577,46334
92685,81594,108052,145437
44212,35128,85753,44727
77518,10949,149189,55614
90629,50691,108732,55974
80539,24712,101115,81125
61750,6236,103163,48062
12134,4255,98105,45426
98728,37209,113904,86881
86194,30918,132762,34069
5023,41342,64474,117841
76948,65758,161093,74690
59809,60378,72939,136810
6271,26315,26977,62029
48344,23015,121153,115962
57650,47134,79774,118719
57149,56548,112037,73945
83827,1297,124146,50667
15102,75920,48797,83815
57602,4264,115313,34063
60719,28312,91439,117857
55428,39779,114216,131361
25147,4478,93636,16409
89554,80708,89898,97413
57050,58280,110176,92450
80591,65803,109666,124554
25379,49858,100378,52713
66515,39745,156294,94764
97908,5568,116358,80393
13285,25500,104397,107935
64697,36742,67628,55129
42029,99541,94544,112341
32634,26195,71410,77582
69906,91972,95296,108887
61222,32945,111362,36428
78693,22202,80391,23131
16504,46634,52281,53614
28646,54677,100800,124287
79530,2231,82083,86098
67654,89870,110304,136504
46803,73764,70412,100160
91334,7061,142712,23502
85937,54622,155867,122717
66917,56297,131890,76071
90243,17557,96375,55912
94164,73989,188892,92542
15479,30059,25350,73716
19926,62314,26086,153989
3620,16144,29867,114036
70373,65926,99574,129726
68250,86053,105900,175577
80552,35107,84273,65336
85226,55436,87793,86842
78623,49260,105760,102443
99786,85421,107958,160253
27890,46370,117472,129081
71280,43663,98839,54240
85643,56759,161051,75062
14873,33216,110548,114120
36049,7517,123305,11639
23720,16372,91568,62170
52336,93508,146428,156523
26643,16789,111215,86001
30455,50198,109080,74891
98175,8075,151990,102275
15762,73210,102044,108276
45880,69634,133101,164270
98549,14865,147326,113102
47035,82682,51531,109437
40847,85225,137154,105547
76877,30744,147917,74394
95212,22855,192031,48427
33826,10482,126116,19424
45621,81745,90193,134324
5078,61908,92544,106579
27352,24309,104109,27610
63851,63075,140821,143643
81122,9841,164976,62767
8693,76634,26703,79336
32936,9829,80950,64038
44033,47739,67228,50649
66880,94368,155023,193064
94344,55942,164251,121358
28876,19466,86709,68261
60207,88680,112694,153182
87087,49974,93713,124188
47123,24612,51130,106120
65533,63718,103551,120640
39317,40459,105145,81677
81087,69831,157319,150160
61885,63867,159225,117981
90284,17655,126495,80002
66409,64139,123695,123384
1202,4818,26071,62783
87716,47370,163522,112658
66364,78725,103292,85098
88111,66602,127384,129142
45160,30075,103353,42609
43551,41554,65207,99175
77246,96640,153671,105643
40232,10361,135062,56146
80126,75064,167277,82669
25912,10088,101100,73062
17994,91577,92771,104059
25843,99890,68455,155029
78135,59129,171862,106164
67242,77897,117913,161757
73389,68400,168183,124008
46704,53116,71998,106776
82538,82682,126643,136314
49268,72471,120137,128621
64774,80895,137964,97715
49066,45472,51958,93699
6758,79954,73786,95711
66871,45550,148113,143333
53920,49814,80706,85429
67750,12084,78126,44038
70450,7715,99513,106823
11405,28222,13915,79115
29099,22251,42281,111471
28300,9932,62705,61453
84404,54155,160582,121238
37381,4834,83812,94569
55949,56374,147361,113745
80519,14745,106267,20069
73784,48463,90899,91479
24732,94953,45817,189652
18691,48051,40600,116338
86783,74555,157556,142731
14065,1520,19410,17901
88448,62548,123884,146970
89241,65332,107519,122142
19382,928,91549,27628
73575,83998,81893,96631
75325,99899,154600,105174
99303,50208,164206,50728
9247,4683,46342,24106
39463,99316,46940,134255
75809,25449,128691,31976
34524,37664,99553,97226
69840,88997,91082,144932
89498,79476,123096,166740
74446,87853,173297,133693
5758,17401,34016,60477
14022,45562,66548,98323
54741,72165,112899,138812
85428,64215,153916,78154
16434,87544,65235,161566
43643,68407,105116,147436
66268,29267,87926,40751
76564,74565,96908,162801
17697,6374,93164,78314
71093,67730,102056,75550
59283,29558,96548,77566
46408,26265,100442,26591
80949,3270,131882,34950
62175,97158,136817,99361
63894,22994,77840,77630
56755,49401,149760,140001
82816,24538,181068,94473
81652,14259,100835,48420
76613,81676,137766,123050
50004,19556,123258,50760
39996,83041,87000,108159
34309,70800,67108,112333
78946,90060,126329,181982
63631,62889,155834,67873
2788,15721,20105,109043
81983,53739,163876,112711
60773,93927,116901,158272
78752,44893,135120,93380
43629,87472,113233,123048
70487,17798,161182,23018
69867,19200,72375,114377
60620,13717,85630,111243
51753,31366,75713,75670
55850,64447,123397,140734
13937,99419,56771,175091
49187,16599,128671,82815
79834,51482,91123,133939
52144,67613,130553,160467
31671,75850,42071,156357
29575,62067,68379,98755
88855,28572,178439,108928
64912,33484,87187,33959
74637,92401,169670,157225
33644,92986,52512,98824
12301,67715,22074,86569
80417,31535,92494,105092
44263,94083,55936,162695
61829,35342,66478,62315
30842,81943,33931,88820
9540,10865,108518,12850
25056,50980,122153,87135
89831,66748,151658,163761
40705,82076,56102,173091
39498,29553,118764,109523
17304,58284,24922,131546
91605,67509,187244,67810
77240,84305,174178,122204
97546,34752,173639,41197
67656,84536,84674,88987
1865,38584,10138,121853
25668,59212,61033,151631
93802,36887,175664,49865
26446,72284,87765,104347
29903,11716,71172,78039
59800,10301,89556,49225
5587,56336,20756,73273
50127,93190,66306,166266
97576,96193,178431,129303
83865,22049,99861,69351
18044,19559,34307,70241
34404,23302,109070,26764
13310,22002,109933,118247
4899,44332,25688,122695
78231,50586,120925,57430
28970,69331,128772,116034
75966,20726,133254,69798
80638,28365,107205,108971
88055,16169,92512,60054
55372,50670,128058,141883
66796,38322,108652,115200
74427,69297,85519,143809
54398,21146,126815,91540
98327,47891,166012,48542
51034,71585,100178,161886
52079,38709,69494,45802
37981,11720,55325,11959
71750,9089,137981,54381
70569,82384,104183,101098
69052,27452,122769,54544
93844,79709,97672,107056
27937,91302,100386,101456
9071,39210,70313,133455
77876,45820,81244,138984
37525,11081,99822,95631
32693,96960,92782,170200
97994,41746,187990,51280
32998,98310,74514,196258
34368,53346,42346,97322
48651,80015,103122,157686
70306,9639,154429,18142
27789,27406,39434,100132
89727,15596,166841,17275
11749,66584,76633,108395
82010,7560,111717,56708
72094,74751,120078,138044
31898,94410,71684,121959
37034,41942,53892,132110
91160,50611,170671,97174
17131,99300,27435,128556
19158,37160,78261,39222
70110,80195,90465,103367
695,84666,24388,175598
82847,71989,107208,126914
76241,51938,107995,145387
21080,316,74452,28133
84847,64175,112793,106684
67195,41632,110908,121009
12042,59183,28576,91354
17081,34077,107619,61759
50499,17334,108907,25774
18322,94983,19069,102121
9748,82568,103454,103514
55151,85870,103241,86664
290,28544,5858,115029
45191,16498,117011,107460
80486,1633,127978,29527
581,52744,47530,69916
89588,29038,143539,38145
10665,81048,106873,169322
17903,46091,24409,121367
28404,72333,91250,95105
87624,79399,131198,114390
24512,36933,114771,92777
77666,61577,87642,84329
21574,5625,89162,7973
72174,17763,166099,64897
71818,92893,81109,182497
21151,76545,43983,164293
83655,97718,169439,145605
96427,22431,124194,56054
77515,45891,89116,67242
50805,99437,54600,103671
50595,28338,53517,101937
61864,6014,146152,17778
81179,47394,139872,110450
16073,71554,81650,164705
86355,30997,138581,107035
41016,51153,58151,138492
4785,40636,10033,93743
60980,20966,133732,79381
51840,31134,131540,114847
20929,78425,30152,176199
50657,92629,71200,161454
76509,95664,155579,100555
91094,8551,188356,40737
92051,56617,100171,111209
96419,96073,175802,192620
2902,26855,102236,111244
88959,87154,170000,120265
59769,74970,86653,102287
10984,4318,40426,48921
77282,73363,129007,105211
41820,62972,60764,63176
80206,28071,116866,37778
67465,14850,77594,61019
45981,35104,55062,129291
76679,31821,100759,56192
98231,44683,177719,109995
57771,32489,79211,106941
48056,32942,70612,79626
55909,66753,102672,121794
56541,39945,103101,84328
4352,26783,94308,67330
17742,74575,38186,132168
11498,81915,57191,124221
94533,73012,111908,143281
39944,50648,95057,62022
7318,88671,75034,178103
17679,10397,23788,79261
20973,19296,55849,67104
45041,91680,122594,140794
54650,70164,69385,105766
24847,47393,46473,100890
80147,24444,140328,30870
22107,91446,32683,170959
86884,56543,163395,152139
99301,48834,191176,121778
77558,57984,137450,58901
57848,65987,80649,139677
72444,27548,165886,56211
72627,23749,88685,111609
84358,36309,143032,74705
31517,148,40186,12935
19860,18632,59406,71045
83473,59181,166103,123212
55848,8781,67592,31439
69388,8044,100677,84125
26313,22066,121205,106886
92393,21383,125603,47279
72943,40906,131736,103004
71224,89759,164145,126115
74208,3895,103968,96676
12053,26245,41209,81777
79741,63844,158875,124032
88228,19426,109181,102678
13469,59530,68073,142356
5344,26196,43709,116118
70963,60333,77120,112906
11122,34203,34129,34791
51094,35111,148087,79984
70104,86902,121278,97491
74337,40571,85717,112160
58470,52306,137134,102307
92403,68707,95678,100312
62325,28755,69196,109181
72437,98984,73530,104845
26270,80985,71074,101907
48928,54257,99202,60697
3013,24063,17432,34831
30358,86296,57359,130608
81461,8445,145397,40391
7153,24981,98533,54816
80101,65054,146808,78983
28467,19882,33154,67430
52949,9192,110312,57293
37182,15964,72810,67190
81687,73499,94457,156867
69335,24641,74715,103652
49480,77680,145795,94487
99191,78868,183901,100793
75960,9377,109360,75346
90323,97390,113142,172512
50776,9074,122259,50526
97747,17884,190218,109271
33688,92911,96086,171042
73162,91452,166527,151869
14655,46911,83915,80096
69937,32790,120825,103763
85067,18383,134885,21389
89965,69362,93131,159176
95384,24521,191351,68782
48311,9963,85631,55298
73075,14701,105972,104669
15534,85133,59488,122037
67210,66306,130593,89532
2231,27772,90280,116088
89719,84613,160410,110373
33971,32795,67699,93540
15364,72012,100790,167683
57084,25202,64356,32457
3050,54336,50992,92343
6599,35355,78615,62733
1299,68958,8895,107874
60913,43729,148922,107207
28215,75924,79126,174838
27282,25282,34065,65819
32738,34220,107798,55587
21314,46853,61824,145687
60505,48450,158118,55826
73529,57999,80711,131924
44222,10340,58960,54267
66531,30964,115353,106227
60744,99783,119462,133667
88884,5104,160320,64553
82249,27686,135483,84334
59606,91226,158187,184696
35322,61480,110851,144099
82873,11931,173963,96468
33139,38723,83915,138646
89623,58087,134712,138694
34472,11385,76396,75281
50805,89970,120089,111179
5661,39545,85122,72719
408,69402,84353,140598
30788,10067,79432,72047
94738,99551,126947,119562
23882,83824,25449,131769
39265,64693,41844,117353
27845,97811,60416,145170
6197,12979,33049,83794
44677,7467,113234,24037
5658,94246,53744,135324
84690,79699,140836,175123
80448,81637,171484,97319
58346,76315,127064,172935
10301,29701,20148,38012
57285,47655,122281,74760
59201,51463,71547,120992
55104,21760,153007,91016
91,56857,83340,93449
99946,32688,120421,115551
38992,25397,81983,37315
8552,76188,101112,152301
38821,50258,102048,141633
25668,22652,34594,49434
12186,28085,87953,46192
82891,63119,174495,106446
12145,59557,98596,115347
12729,89646,106149,158864
6630,86946,106426,104552
49162,85120,115201,110114
59273,11595,83615,57292
16013,14769,46091,27155
64844,73149,74743,98718
16340,27152,114910,63105
12089,65791,94373,128192
61307,50271,69591,95543
91063,89891,123934,119280
24004,2183,95687,99832
25632,46897,57250,67601
99675,46525,159139,54621
23012,85606,30289,92073
38998,47609,51805,84853
91911,383,162121,71192
30559,65555,31383,85264
25437,54629,98524,78973
86229,31341,102035,77807
64800,47438,84640,78532
52898,93074,71502,161507
99488,62773,130132,148177
84729,15435,126648,84238
74334,49743,77189,95840
78526,15832,136359,49088
4583,48965,9765,96420
86679,27754,112716,108777
42393,82503,58522,156967
76132,74770,94529,95504
57169,81677,123004,100024
62605,61032,128130,72449
46644,16548,121901,38242
70366,77521,113846,77818
95752,85225,164210,100589
97363,97761,126099,135671
75214,42442,126316,93495
14292,3270,19375,19092
71223,44792,100819,122205
91513,92811,107237,181318
95478,58855,123062,154771
3148,49044,85468,108779
14838,64712,105303,99079
98416,20176,172763,116184
45851,66243,50708,148729
1018,13602,43400,97472
47756,95385,87268,126952
66690,10171,104232,101831
58060,46260,73489,128734
8294,499,60433,29124
8870,42846,90810,95178
94164,13738,105690,79727
52033,14180,98164,59102
60895,50618,128102,64513
41057,10553,59332,97714
12376,96025,82904,125899
7980,91250,79724,121317
41534,40474,109865,98808
54053,83381,71501,135821
60053,43806,142048,121726
35782,97293,36452,116764
99454,24659,118596,49421
78051,46697,112098,56915
87259,15796,112600,53660
15419,60234,100351,135619
67624,44113,73114,121615
7051,19213,28643,93747
48290,24840,117605,47405
13733,32460,56241,115870
53418,50728,119084,123708
52916,27851,63829,36779
92713,72854,184612,122816
30749,92661,56364,132088
72398,58288,78030,68795
94610,14614,119972,93251
83854,84896,166018,165314
21939,90132,114537,182854
3731,40746,8809,121810
1739,72289,4232,122431
24289,55241,46363,114219
6427,93049,10136,111361
44657,23703,86659,72560
77287,56511,143075,120543
94956,931,141939,81237
84361,24548,173505,58732
83870,65468,119188,124001
31327,53100,36517,93545
80813,77498,161663,138748
51832,2293,112340,93603
30363,70805,122596,157584
60786,92538,142580,122400
98750,78154,114450,143066
52975,56978,87301,99275
84813,71722,134972,123607
3986,27677,92638,124191
37884,54725,72332,136585
69526,73411,109323,80796
43300,95494,65474,173221
95254,31668,116258,35517
51692,84058,99526,149430
49076,98002,49301,141629
42233,87125,80145,160705
55833,69399,66873,71841
56364,11560,59000,93502
16922,81317,104092,165028
96618,99310,114298,173829
82860,12683,145141,61646
110,16224,95644,108456
69825,56775,154128,75756
38215,64283,73749,90067
78044,12671,125665,72099
59814,40189,121668,86851
19789,43386,79317,117431
26761,13745,120655,65278
79723,97405,128255,138706
38654,61640,40784,139754
12194,33596,92522,34293
92952,46275,158818,127678
74928,74707,86456,89308
60056,41873,125225,134785
20860,91556,79041,159726
38339,27179,113562,66395
23112,91241,107834,171774
80826,27659,122824,65691
73122,185,122550,71193
52168,21669,132309,103829
39869,47643,60083,90368
51847,743,129080,94372
31636,32766,111878,78299
1072,93244,5352,116298
16685,20863,65308,37810
36279,82006,99391,139956
95325,75457,95726,157675
73083,46324,88623,66545
95774,72684,97739,83947
93570,70592,146537,122918
53289,68120,120298,126838
9882,91511,63926,91619
71029,15765,77821,101216
68601,77720,143684,164308
55873,31954,143919,95670
82334,7083,157743,60511
54010,26886,92653,32719
3074,56994,25399,61724
21511,72037,97566,132361
61517,58422,126462,120528
93902,74529,147268,158870
74465,10570,121015,108669
12243,49004,26676,80695
47233,59193,98691,95065
90983,58640,184870,132630
81604,73326,131716,167862
49572,10373,132849,43673
47325,92424,108561,114313
10796,54504,31035,107870
36512,76543,113859,128258
80306,89653,96768,175708
42706,73111,76167,159097
10103,7529,94751,37812
3414,42124,47419,106354
77151,9611,133656,74800
74742,34233,133630,35788
56032,85118,155889,88226
84819,40365,156917,40862
13063,2692,53948,35249
82797,81757,84382,115793
95000,60541,107006,145722
51645,30225,92633,85968
14801,75424,21030,113852
8206,5893,90790,17290
23282,5728,72651,33888
31973,60286,118595,152117
92885,30807,183481,125928
86570,32627,117155,112480
18400,32356,110289,41320
78058,45289,158629,117805
7180,36082,87415,58469
15224,90743,22095,92732
8619,32321,92493,81255
95530,68909,142432,151261
10393,58535,25773,109636
31771,27742,93537,101874
44737,74232,100793,133956
87219,23977,147559,73167
62410,82468,141552,139202
70911,81404,79117,154157
78171,8111,105226,75625
17194,15147,78996,36565
60093,58547,136647,82953
1680,90567,87258,177399
55637,54260,122667,98335
41045,3769,110704,14870
71368,82866,146582,99219
30376,48996,41815,75982
93406,49787,108429,141031
52817,8775,141199,57065
2123,69720,90020,118225
3060,66460,74197,96979
69643,793,98337,2994
2059,68523,74075,155791
43517,4445,132499,89260
3435,22605,88803,61289
81767,39261,87701,106491
60055,38016,116314,130177
83451,44892,172076,119325
3773,33413,101262,112749
3175,75612,17246,163489
10129,40871,105095,133497
46832,5745,95132,13144
30526,79280,103820,127020
34871,40777,61018,45752
12077,27308,85576,60845
99272,92933,112850,124482
6279,51029,39531,119291
40922,6836,132834,75228
39122,44207,105058,124708
62732,75727,134883,120071
61958,7740,123273,39395
57077,5057,141876,57731
70781,96095,112982,114185
73457,18056,83832,79960
91900,4508,133847,35872
67107,91400,166282,137949
4587,11266,51951,51687
73896,92476,166037,142948
93297,16821,164172,87967
26090,10008,116235,82916
88816,3821,103614,8514
73241,51095,116947,88865
49584,23930,76847,73002
69632,91495,169236,138108
54619,78093,151065,98019
74536,31112,87904,119803
80506,47451,118572,124852
15888,87004,114655,144701
92511,52624,147016,89100
27191,21557,116881,102371
83444,80736,158552,89853
59678,77282,80530,119136
27516,55445,72263,85198
22218,33070,98786,125946
57280,18684,112551,35875
863,57945,18076,77836
62741,90545,114927,123579
92388,70378,143227,157589
62546,40537,161958,86526
79470,44872,108094,144575
23421,29535,35490,96478
35648,98180,131470,167420
19015,83975,62402,101066
21738,70293,94509,85929
23577,6515,74544,37111
38376,48082,59920,83044
31876,68881,82804,147285
95717,65911,134554,121973
2601,63443,4203,71740
32226,76056,90858,117789
19087,96464,36038,186853
1153,75390,78823,167595
91100,55619,104188,85537
49418,37578,87631,53628
35206,23759,105343,77758
73216,47518,104923,68234
4639,20323,65238,75378
54107,33115,103338,127774
60238,65481,154995,103877
57716,49147,110134,116358
79080,88724,140571,112283
67582,34619,139996,103716
21636,29311,52527,49864
12610,59305,97167,152477
57348,96751,84764,173004
17353,19505,112491,30398
5535,18989,25588,90563
86955,11777,169253,107340
46324,30378,111047,33482
25539,82105,76296,132788
10448,13393,85075,27895
71339,33860,83763,81358
81149,58832,108213,122763
52579,65377,125668,80976
90517,83471,184713,110752
85362,58296,147782,150498
19823,80461,30491,117157
42302,67300,66099,128907
26973,79552,114486,134538
83301,17464,166069,33959
38764,63086,39119,123257
85907,98321,133468,160071
28463,81491,85570,111029
17753,84543,85955,114922
16309,65179,35017,88505
96202,76906,109087,100741
89859,3343,183860,51368
23562,13195,91148,111570
5239,4278,79261,14738
88001,10947,185758,40043
66000,2704,119364,70984
26781,58851,29105,150415
1048,5275,82850,34095
68058,27197,135175,57179
8559,27732,102633,57885
29045,58367,70808,134326
3165,37733,98473,133570
1833,3449,39509,6420
31330,16741,66541,25603
23338,43027,122412,127945
25620,49476,124836,146037
18899,90490,62794,106276
5236,30889,96837,55722
78073,73472,174529,138576
90783,15370,155557,70413
65209,91558,97616,109050
94877,93790,118043,139745
89625,8106,152750,31704
96166,69321,171672,169072
29958,82778,64507,115679
12804,90207,32255,105667
1647,59093,58439,94806
9913,24760,29971,89399
26068,45727,42061,86482
13605,44966,53199,56589
60620,44259,124631,140225
23414,73615,106406,160465
9361,52274,48530,148465
70035,83130,158346,121510
76986,15932,176423,115246
70332,11258,79807,39942
13851,79151,49494,155941
47054,96318,145434,196269
96867,53341,159925,93568
67708,12003,144553,111446
48819,12821,145507,43243
45831,45836,109980,49663
30312,28397,39631,62050
1707,7318,91303,48892
78062,76524,150518,124129
62795,16419,123927,30190
26195,44698,61525,51180
63489,42662,79785,102513
98985,62796,152793,126032
88275,32506,172488,91613
15847,38640,77163,38730
55495,77024,58401,124129
23050,32191,75505,56317
7615,7133,59645,78839
79487,39617,103280,130928
31422,31928,50455,92806
30699,13330,120106,13643
5902,48450,93232,70327
22514,2937,103199,35613
69041,47588,75716,85215
69561,79253,77579,93354
85589,11947,182510,69136
84052,25340,128411,102780
32177,77676,90158,99391
1965,20639,97315,45142
54070,13398,109880,102257
42373,83668,117663,107057
37967,78285,129375,107495
34596,17923,80885,54909
35358,51110,132214,99469
47768,29699,66648,90488
32531,26558,130761,57684
70320,89390,150435,145336
34820,3178,89831,59101
94639,20692,141810,30948
1915,62529,70718,114403
49642,16710,106153,52548
75993,26142,106699,108653
21587,27340,93577,63880
98962,55009,140582,90900
42340,23424,64289,107680
84388,32884,140717,125282
86597,23037,109341,27363
73877,42268,147223,122790
75170,26231,165751,125647
32339,27797,68519,84326
75617,25301,98244,94977
72392,71670,127599,74772
69631,11603,92160,83049
21153,81228,32931,118886
11069,70337,39829,99499
96117,17134,102955,37262
6418,62324,22420,101851
32317,33275,60852,114481
66333,74663,89088,112605
90485,72616,92481,154153
53373,11915,143630,34796
73005,59014,93372,70953
36250,65218,71171,93170
72706,39947,92935,45110
36291,76020,77074,145955
39426,20377,88532,25379
43783,33614,135812,95252
77807,6914,138245,102621
41813,83341,56202,152980
2883,49261,102161,97647
24545,48563,77245,82288
69719,4890,143882,94489
77701,23892,97732,56238
34039,66751,56287,151164
65300,12744,148247,77581
59478,22932,134334,90637
55818,65348,111359,122985
15652,68098,97688,146563
90034,92006,91978,138659
32913,90950,95133,116045
86699,64691,101478,90983
32237,73744,73783,129952
805,27726,52542,110668
48306,50010,127653,110503
69738,49055,80093,101634
41875,52382,48834,141075
9497,90721,36564,102617
39287,68375,43350,121623
62026,52338,81838,104899
22965,60204,77170,85036
24404,93909,117149,148013
15067,28316,38365,65144
73194,69385,166214,70500
39098,69526,79498,71104
48054,43981,84592,79092
12693,63162,30326,108837
26017,22465,78903,87653
84476,79208,134886,131109
86742,33184,149784,53731
20122,22513,69322,44738
86675,34442,184440,48857
67626,38661,145536,64182
57101,14242,71409,93065
17830,6066,104385,52219
78255,58489,137216,80014
18523,5163,60640,65593
60844,59469,142484,93282
91606,18565,141053,84925
86833,60697,145276,150837
59430,94382,106725,108656
90133,15393,132206,62698
42874,40724,134811,119272
68545,65487,104122,108493
16505,30375,90398,102081
53437,41629,128360,73807
82671,48668,124116,119759
80839,54970,131153,87853
92854,23530,138389,56179
6786,84442,65025,128777
50530,42241,135135,111603
64288,58689,125027,151444
3889,41260,90561,84245
97613,32803,163347,93623
68651,13562,83572,70382
76394,82562,78362,132756
69059,14368,105877,48646
90236,44640,149869,140005
93816,48426,151794,53687
89424,4538,182163,67604
21427,43926,113921,79092
57089,17079,156099,60305
44142,91299,79095,113578
36933,38977,108978,77220
14059,66375,30884,79698
42915,24355,103782,44720
48747,20946,91773,64337
67876,11838,165156,84657
97351,891,144718,74997
3189,30611,97061,116351
73028,95639,168602,128079
27296,75303,100603,86606
42392,57466,107095,144751
9728,86368,64409,95761
36795,99115,85529,116253
94096,99596,173842,161916
56904,3611,59906,88350
6937,69594,98343,146538
69916,71764,138949,122377
55578,67492,64805,98100
16710,9124,97430,24186
71894,5822,148712,80079
82437,25901,122327,70409
82512,29428,84325,90339
34032,8482,133872,96649
61066,21647,76897,73947
32436,50180,65636,104464
51129,96207,87435,184126
83964,88521,129753,164723
58635,24542,140053,124172
55609,28666,74446,58512
63377,38944,110726,129998
6789,29359,104537,48868
62610,15754,90063,32042
48736,61362,137398,97233
63081,44275,156283,83085
62305,33858,125416,109999
15983,58047,91244,67354
96484,39174,101478,81717
31135,69733,106712,125415
46936,21617,102076,25107
93608,97374,160973,137946
38023,53787,92417,112705
8277,70762,25787,90475
50097,86384,79547,172831
87987,87558,140375,92956
21422,61987,48168,69148
37317,74357,62863,110109
5103,37168,35696,108737
68378,99463,108607,123688
94776,33128,167299,93117
57311,39361,121278,60250
87359,86996,152037,137801
6608,45784,76654,116541
39414,57330,107339,77988
25754,49240,81842,94683
58749,71267,138066,100994
13384,79442,65925,170875
62917,95891,124073,137321
70872,99406,90734,148520
87780,39657,133880,98220
77671,14091,120502,76215
98046,25079,168289,86314
47063,16877,107119,50384
24888,91770,32086,104759
25746,14353,90311,24365
59017,66550,86995,145108
9551,78575,70306,154107
17327,4725,77090,65565
37037,49346,99232,89290
69014,43338,167501,88102
35327,36372,121286,54577
86932,32767,134556,62218
21787,26445,120885,51094
63670,40775,108136,46721
90378,19502,98203,63985
66987,60345,69727,127156
26491,96803,100689,134128
66232,60548,145244,70814
18912,62004,95667,141306
3267,63243,94248,108921
56548,27784,58189,108409
78843,87709,125508,113021
23848,37919,111888,84105
67587,15883,69536,94462
62909,96172,69900,125202
23660,73446,40873,101389
66400,52755,95770,63409
32498,15161,40746,48876
34964,54333,46871,95120
50584,37679,77525,122103
41240,93873,139405,151906
40045,95673,67662,105807
8739,63709,34297,70154
2958,78181,51756,91961
27051,65827,76314,161241
91320,61380,101452,92499
92979,57121,155358,128509
36430,96411,76385,166806
10748,43537,74262,109579
52880,68788,111260,87305
32213,81115,85677,104090
13700,47033,18799,77833
71626,85980,170936,180789
97235,82115,192539,161034
17111,80700,39317,141493
83230,75925,137753,164044
42899,9085,57136,95205
5298,7950,6888,63085
44737,77870,135869,80836
6834,81482,11388,119129
27063,65348,71027,157739
82488,35724,90970,101601
4093,26487,90436,71949
3655,11745,95650,96546
8301,61350,29978,141292
72844,2163,159794,80284
85055,67137,85589,121572
60740,73716,158226,167354
48160,67281,81967,99009
31103,38431,102871,98908
51561,10138,118923,47276
95461,95436,162549,146279
50307,34992,83903,60692
94356,69437,99758,152436
95003,21784,168401,69806
86942,81279,155214,101119
66337,34410,141848,133318
76929,49418,101736,102920
2881,54654,23709,82574
82591,70133,112860,110198
79174,44364,154441,66426
72964,72707,144335,124245
4687,71805,91263,170360
41002,16029,115568,47261
59427,1640,150809,84466
73494,57664,147434,128152
82144,16610,139097,93202
52032,26116,78729,79385
73335,50949,120894,82423
26557,65934,85293,164866
83219,58582,177757,79470
15700,77671,60981,152101
31438,93018,130321,187786
7708,25145,87313,58633
14367,34517,90542,93439
1369,76384,54038,96020
89847,94410,97333,185710
27947,92438,108575,191803
28487,44362,44558,129894
27308,73103,54455,98558
61087,58729,157877,101362
50358,93254,134747,153216
89482,9123,101706,45336
69539,80380,106992,146247
41560,1725,72999,37396
20769,83217,45076,86653
27707,4502,39578,24115
40821,56353,64247,78236
80645,11140,98843,99219
36692,61244,96261,75344
15234,69112,108449,126479
33765,62398,64274,119792
95366,81719,193566,104039
25399,38837,79799,70507
28723,76593,56154,112087
22343,63667,67020,150830
71847,82459,154407,123460
23396,71673,115344,88373
10072,98520,57327,189774
45171,90445,115203,141955
31489,54369,128470,90296
26170,33872,121634,82943
43110,18348,129183,72171
53469,35693,119650,81142
43896,5472,136872,16864
89326,24496,159767,88366
91338,40556,109601,76635
76522,87568,135703,160782
30396,44634,45052,134383
94426,22356,156321,54356
39574,574,53596,100279
26171,59085,36954,112996
36586,23088,37702,56616
55085,97026,117666,143417
96217,15122,104632,103180
78592,46825,162320,78834
87966,12184,183033,103069
5238,22702,82925,63616
85148,67218,99847,108277
4183,71198,36205,85783
83837,30712,87855,55159
45883,22391,83737,55988
3504,34113,38964,103365
20358,45404,50838,133870
21721,33382,118430,99343
24244,9444,42423,78323
36665,75795,81641,86675
29751,32182,122242,102698
79677,81707,100397,151417
65016,94718,96668,183443
60315,9127,75644,106226
3731,31804,17198,55181
31048,99223,101427,122336
35021,66189,55988,68648
26006,61213,124102,79261
1944,84840,47754,108957
18235,50560,67362,132926
3981,44930,20905,62733
48547,66267,74010,110384
12403,76088,35957,108615
19967,55437,22268,151734
72812,80273,104154,121185
65249,26253,165038,121935
14410,98767,60989,172003
4762,4955,45218,75688
15688,81812,29792,96050
52416,22353,65884,110722
32210,22994,114776,94898
2758,84878,61756,104644
71810,69326,140644,82684
47795,14632,99026,104416
5389,44871,82409,77467
45471,99868,93332,102011
48316,54473,108584,63435
71937,66879,100618,151702
76996,85514,148229,102219
47695,21997,131208,83543
86942,8347,124225,66435
31858,35212,131148,89962
7875,14841,37903,79011
91977,41828,141368,75148
73170,36742,109774,118305
36277,38656,68301,59758
7634,52485,60527,73160
56237,5833,61682,58792
28394,1608,119742,26539
79544,81208,122258,172966
79493,31745,159686,35350
72842,20444,134107,103061
47669,68097,85345,122286
66933,57486,82286,85096
21907,45943,67832,62276
74594,63076,141280,160006
58614,82959,99524,181629
4177,46317,79483,83324
32981,16604,65272,66876
20817,97755,83583,197000
48111,74012,112428,147843
8239,72737,34862,74084
34668,91252,84810,181828
36720,94763,100039,167991
14126,72843,27358,139207
99297,91317,118275,164738
1187,61367,57408,84283
7059,46377,33324,111554
5054,74320,97508,154910
91007,69972,189559,140062
53950,99001,91989,119603
46512,76180,53065,98569
65882,55016,111161,103148
76084,7413,83761,90565
90205,28238,146692,57709
40189,82131,44729,174531
29915,90815,80094,145493
28242,81507,97562,131276
15720,66473,43420,147986
12211,68934,54479,102099
40692,46677,139864,75201
74642,71440,147943,73424
74909,55931,123380,151867
63305,95515,90555,137494
88692,92900,143801,180129
77586,30628,147630,70161
90740,27221,122292,33680
87024,22366,112552,99200
71167,34544,115228,43272
83133,6944,84615,69233
90736,94548,186922,181269
93010,18089,121007,104675
26627,48456,76686,91952
22674,28943,92273,46524
74718,73785,83325,123301
22595,22054,95705,58856
80804,586,94091,55241
91749,78951,148523,160267
73721,12887,166666,30672
86791,69921,162529,97343
38692,52688,101647,125745
82206,42135,159735,78205
35410,63285,110223,157644
87164,64588,159997,120445
27189,18459,55455,96026
23304,41872,104385,110677
40617,63819,126013,117058
90699,48616,98174,88040
6424,21509,93250,103499
14354,83508,59935,145958
42109,75127,43037,142265
15622,59596,72080,78652
97501,67311,149405,133609
78404,55112,152415,82244
2277,73163,85746,141961
31827,21796,41666,32718
49183,10721,104543,26415
41271,40160,63035,104574
31057,44438,81827,78953
25718,81807,90338,148396
51905,12474,67768,18337
70067,51120,115188,87008
95632,19879,120192,23141
38864,31494,48623,52391
98810,92180,112292,108083
64591,63657,94412,148441
16412,86812,59626,164054
75791,68468,163148,163666
92875,20144,123307,43526
42815,68706,127180,147716
63321,27973,91836,81971
83405,67416,125730,130940
60349,17474,123784,64038
47338,18703,146950,69098
9739,18298,97610,55369
63066,60319,67356,99665
99408,47211,107791,145683
2221,44898,55054,65599
68917,28410,142473,93892
31657,12085,47967,91225
37390,59139,49892,132705
52205,69795,100129,108756
16898,60968,24068,79611
63682,53045,75822,114914
42958,20655,77955,47583
63045,34539,149272,43812
80746,71644,177725,124112
71688,77052,143209,149459
77025,39809,81209,128085
17300,69661,50432,98762
96280,28622,123493,30515
53942,75477,139307,117311
9869,78525,53664,163576
85187,56387,158937,65406
86739,44858,136848,132630
37914,14773,78807,90435
16622,41229,63610,54795
12800,56518,22957,125878
43615,78749,75279,103451
37502,88485,133454,97479
9422,53130,90987,140485
1373,27839,75877,67474
69484,95975,126317,127551
7876,65160,18949,90284
6275,66959,28479,82975
13150,58504,21808,68571
85578,5020,140793,42086
77162,71972,151693,85844
58964,32820,125724,113483
69057,17163,138765,24066
11626,45642,81058,103188
74158,50436,102158,72705
88505,53692,109703,103707
40970,49949,106583,131964
94984,6205,166599,8685
94157,94916,188308,112330
92063,72801,189206,142158
75580,20839,149882,79433
11422,41648,40472,118942
17524,52832,86912,54667
63655,51336,67199,114118
50907,4842,145091,62023
54174,81699,122930,173294
46045,48694,130671,56500
91198,5682,171081,18017
76799,54434,88858,72285
27940,77492,41168,89178
99877,8492,189662,67417
60326,80029,120775,88664
94067,33891,114425,72803
1120,28806,100495,113830
887,82057,97151,144431
17986,10997,27968,100780
34912,85920,67627,105608
55780,31131,56699,95729
83816,30426,173611,43657
32422,79950,58877,156720
75609,38411,151244,74146
21849,80534,108693,92432
49243,13940,113589,63393
55435,8483,56988,50870
23719,46373,64113,136387
34053,56388,55137,60268
58616,65767,135031,120654
64046,70529,89614,87571
86850,14962,157524,92731
47753,33964,124861,119374
36362,38855,55000,90246
34962,53917,69134,134660
70682,11413,133112,21038
55233,85651,97385,130454
31476,55186,76645,125135
52879,65640,147030,148794
32926,29462,121423,93505
91352,78715,167845,89228
68134,49659,126184,143750
64945,12834,91350,34391
93059,59473,146903,134400
70202,39218,161823,116336
8039,93116,73743,102830
16392,48174,86547,113300
42068,57200,138469,59798
25488,51963,35940,106783
29247,92972,65324,120572
43043,68036,140048,117399
62982,24343,64908,44353
27134,34004,66884,35006
36051,37761,82489,77322
57051,61362,102364,138347
78615,84750,86781,178205
70214,17822,163925,27959
98895,11501,156727,90973
40749,24555,83756,63123
10406,21076,58900,93279
21903,9253,103441,47182
41138,27627,48493,35405
23627,18485,35649,80194
31422,17588,62820,97522
4028,44557,103886,62545
91357,47026,146634,113013
24464,59466,51203,99625
25420,9453,97035,76160
74637,95347,76852,103218
944,59226,56627,66192
24514,96907,59676,132156
24929,22196,121714,114226
12671,91378,31245,93571
54452,36356,140753,83283
74292,59700,161588,101016
21574,43979,60007,101278
2109,58273,36498,65006
25885,81027,69290,157878
81216,13800,175556,35174
75001,42596,100273,96902
59108,4420,77983,94064
70974,15594,113019,63531
77425,29123,89345,91347
40640,7611,80882,19070
27322,45933,85007,86154
66041,66404,155770,143028
70499,22893,88126,110737
70173,51563,149544,108557
9248,2487,74587,42466
52842,95090,108888,156149
22852,11866,65436,34000
7196,76227,93187,130029
15804,19554,105874,55948
69289,73811,150596,111320
94231,82598,184007,140375
25370,20353,66688,38129
32448,26826,110674,94689
41937,6342,55011,37713
37207,2928,79768,51269
3232,52984,87848,58247
3395,18172,35173,51014
42084,92709,74693,191348
93748,85198,111819,115144
97175,8803,165989,17953
99006,50500,182383,98512
5678,21016,98127,88900
17883,72851,25844,141026
37904,37945,112421,75203
10000,60390,95912,106642
55766,42514,155465,116450
84152,17934,120709,22440
29480,571,29551,84117
90683,54780,122246,137979
93890,64183,119461,159973
24976,36480,51150,117882
56871,88741,149439,165949
74539,92557,84157,94837
33926,53220,82002,139414
99628,18198,119107,69654
35254,33038,111827,39992
66303,49550,118426,106540
62219,65530,98670,78914
7131,36649,74586,71205
33456,90729,110311,129881
48934,42655,66049,137052
59222,8833,144036,29085
38645,20537,107242,110289
9836,45067,92093,70659
28439,987,38110,26071
51263,52746,137845,149670
25554,65256,120395,100548
93977,72611,126895,97237
68488,83159,95468,102284
48808,97869,68121,143178
4933,57686,60548,74009
39941,86179,122915,112987
73764,53945,146785,97673
10041,62522,49046,161761
60927,32390,104693,81288
83017,11194,141252,107441
76960,50446,88739,134535
27231,25250,107677,71867
97677,88548,159115,183345
81909,3678,106009,82306
75577,55435,147589,135541
29134,57356,88940,58251
25885,79722,65199,116413
94742,91461,117289,106483
51096,30296,103990,125825
11719,17156,105816,38363
8872,75917,86789,99241
28,64360,37902,65090
34863,57061,112085,123530
36861,32075,112931,98054
98535,5546,184254,94624
45095,94055,94451,168907
1604,7247,45472,49530
61009,23716,121157,119068
85686,74328,116430,152550
64198,10012,139334,71662
36718,39199,109017,133509
86227,33004,158100,115934
32102,65867,123461,144371
98449,5290,104057,99666
17644,47986,59107,53171
68948,41881,150608,126457
15982,84304,79496,175933
40130,43136,42623,70841
24548,55063,104854,142860
77564,40718,126163,41068
14044,12485,31241,25254
57265,57842,140873,148170
47745,82853,126552,133026
13119,9537,84793,79413
39783,24255,115910,105855
89158,62508,176929,98390
61760,31093,111192,51172
69753,70730,166453,104939
52377,34386,134290,63325
504,30755,45005,66384
34725,45735,78220,126760
97954,962,153258,38865
18646,23004,21206,89942
45828,73409,106461,106074
8200,35679,77892,67351
51999,59371,106045,75950
19804,56567,65581,68960
84889,83089,168655,126015
88488,4338,186406,9209
67227,46777,162977,123449
74764,57500,103353,72288
3848,99631,7026,101298
96634,4590,191105,67027
2919,72203,66798,170036
52939,4887,116288,37500
57369,12692,83222,103314
98853,96185,164977,156450
44839,73526,47293,168691
14795,3524,101515,87483
89266,53311,162750,145772
85028,33097,139434,44903
46389,80674,112824,88309
42515,51510,130664,128084
47336,72861,122155,118808
75773,40176,170819,114731
67055,68637,152908,138507
54404,66727,82306,86220
66000,33162,104290,41389
66903,20510,113919,40832
24010,57294,83596,155906
40582,81713,128639,128744
15646,74886,44692,107660
60248,86789,79436,90839
96482,81273,101478,113298
39900,30344,66198,119675
52010,97579,136838,152420
81578,98356,167206,151318
9925,97494,90914,97960
68447,66752,140452,76696
49712,88428,115411,159021
3195,59123,9319,93862
56002,82996,103437,162720
39287,96329,122093,100400
7344,32325,44871,101295
15717,5462,32613,22557
20654,34448,54677,101744
49522,21953,101751,48877
8710,45653,35609,93471
91320,51418,183109,115960
78537,49613,151625,148130
7728,76113,42097,110512
64903,88069,141209,162186
63734,64215,71046,71139
8181,4161,24841,38578
29067,83521,109946,89507
10369,59141,40782,137768
10397,42912,107647,67152
21428,56092,29092,150241
72722,90123,110263,108051
15622,75977,21597,134989
28969,81012,113677,109166
65988,8038,71845,26482
82110,93943,96009,162099
81323,68935,103770,116914
60074,61919,78197,151879
27224,32050,36285,119451
68748,35109,152539,76761
58976,40822,120835,41556
92330,58400,117718,108398
64573,2373,113021,92017
9540,7183,100027,23534
6050,56167,101842,155062
89663,90304,103664,156026
75003,68549,127650,129331
77040,64463,162450,82002
4498,24588,13750,64288
61036,39880,74220,88052
33735,24074,94278,31360
80911,90622,167190,190045
54501,11496,61126,96202
78002,3008,90074,45080
64296,35094,126282,84209
99955,51311,124690,101598
60751,88076,61038,180310
69566,93167,88963,161665
52869,87012,141440,113006
40553,8074,55297,15135
5436,45131,25252,79344
39705,44532,109743,113333
67370,69830,102786,151457
98740,41817,102134,128643
36833,14314,76750,19107
98396,95534,155499,188894
40418,35281,126866,95247
69113,88450,75506,111539
27027,99089,86290,115763
6911,64278,43353,156598
11492,92455,18004,103764
52842,96418,102967,183541
92380,79658,156968,123160
55548,84185,143273,97365
16682,15870,20418,25978
98977,99394,193078,192227
14167,54098,108110,122982
23276,87799,26805,161657
49148,69004,134319,147919
21651,79188,107801,92972
70356,51172,75129,71324
78128,8912,86310,45527
78230,86504,92659,100073
72698,39252,93642,123234
91631,16751,114733,30143
16779,91152,23431,138450
59568,98220,114164,189686
88517,18002,128291,46755
39768,20833,55732,44242
78957,99836,102488,165866
30834,24010,55062,41577
22983,72122,72543,169995
88642,77542,107384,122058
5092,69738,103149,100963
21916,95192,83176,113167
64247,7784,159389,79659
57223,52389,80476,71171
64352,29468,117194,120654
27674,34579,90792,49743
80363,48063,110244,110279
19306,39870,59696,96127
34018,66693,78464,115185
87828,74559,90677,145408
60924,71897,100352,91918
7560,4880,83468,76500
46769,28215,63054,123424
54790,58543,67963,121050
27266,12294,69965,76292
20094,6663,78358,41812
47533,29482,131583,35035
22479,97620,80418,194873
11431,77805,49829,86160
4380,74397,27838,134210
4737,66489,97493,89345
74854,66795,143795,117308
48812,17141,147074,88320
73575,94142,137316,155049
77297,66664,87152,112894
87029,8372,178048,20600
19298,13650,38423,19599
39293,20062,113743,113402
24624,16317,76286,89933
71129,40836,169784,52097
22803,34529,116873,49307
16924,28303,52273,117343
56174,71514,59979,80387
83571,24268,177880,37962
6301,22897,81935,84089
42275,41514,94069,80831
28614,86099,53353,104804
72186,69853,121281,105137
79027,62568,150697,79062
83401,55213,182727,55735
66207,92865,161994,160087
20851,56878,25013,130852
18151,86591,94027,176394
60690,2714,110764,27304
60943,81325,126511,139786
23764,94294,67843,117849
89955,69608,117507,136688
70959,39332,113166,109360
73888,35623,87131,71500
51918,27596,132633,61084
13938,76553,70538,151746
91918,8791,151493,22647
23601,7679,84173,105001
23404,74369,29967,99529
20632,70738,65217,154949
71439,75384,112720,129581
17307,55440,44871,76954
54272,1289,90104,12784
88762,80093,142920,138370
76160,86358,97159,182981
76421,84408,109835,111097
17996,58431,60070,125172
76955,52943,154387,106837
25535,78483,117807,178380
99940,38405,117692,108861
79952,40289,140897,54504
79885,71591,169529,85009
40091,25228,135473,87216
29174,7238,66932,82620
68391,66282,152011,68323
32900,41711,39549,116755
43063,3542,110803,94685
78914,85222,124603,169393
96820,952,164034,6923
76682,19579,138265,60254
75823,84308,105583,183257
37299,37906,46153,68310
90314,63650,94781,98230
50745,75856,140461,81296
83569,54247,175566,125520
95205,32223,155416,110905
43099,20753,55388,111664
35680,55190,109974,99088
18250,23572,29768,30991
60730,97518,142984,177383
91743,57975,120580,128041
57239,33754,96958,48389
99788,59434,163522,61096
21977,28530,38340,90949
28894,80639,37363,121594
16198,41594,108415,78917
80329,60301,84086,133707
61804,17808,90640,97548
17165,39212,97543,137097
16253,72543,86642,109676
62065,22325,70311,51219
38359,30705,123360,77264
45133,53107,98867,127923
25816,36676,81847,103990
45683,1673,143169,79488
61126,34423,140864,131715
13135,7300,91352,71808
27167,98241,90385,108273
59160,13864,70787,18460
87573,69998,96086,136995
87829,63872,127525,162304
38265,63338,57462,133585
75184,78329,110377,152846
11332,1533,37612,33821
31126,54755,97700,111323
76096,40047,172875,59964
77128,29114,126346,68950
98037,27160,174188,82343
12008,7833,14240,32470
78330,4206,177478,15187
76712,48867,120626,62435
16406,24354,55479,88920
2673,53918,37753,61162
16127,79958,102153,113361
36328,15236,103594,58606
23888,72522,84964,74509
40848,56281,83800,116301
57143,10395,93279,98207
51814,99709,53854,179037
68440,48569,166023,129495
41664,24795,69935,84895
8473,40929,102137,111121
51371,24631,111442,39515
2797,90899,7484,137455
99239,1782,166361,34709
17696,16279,66500,91344
32303,27115,86448,81157
73249,39701,172487,98596
44525,89035,63739,156436
57201,34829,63170,41686
98253,37488,131504,56704
44145,20890,47832,54749
85959,9142,146542,57033
25961,43154,31766,81176
10690,49440,78807,114972
7972,18772,35794,107969
4025,11538,82381,58343
55657,18533,75749,96635
1868,26247,66979,116892
84610,99218,119910,161652
87135,73630,90187,108314
23983,80715,67175,152094
13683,29827,104108,123627
30115,97057,58443,162692
25433,6453,79611,70154
95012,26785,135837,96493
40888,34041,104274,106770
43888,21927,129915,67602
12804,53167,42050,135856
70778,4647,147380,30189
91374,77032,112404,85033
93766,23462,171596,49382
54478,59625,136791,83972
95215,60063,188662,107449
38514,66110,52149,163073
39212,64472,137914,100987
42862,10599,125316,71381
40838,97128,51492,162167
53253,89366,122420,150077
80722,28261,146660,34218
84917,18333,106463,84791
58517,79914,91307,159263
86192,13053,180572,84516
35297,54599,63041,108724
57095,64018,98749,65436
72266,84153,98337,148830
44079,5651,61154,44774
4516,61324,32514,64365
57175,1928,97503,26828
86071,47188,157293,106644
19559,33575,22791,49927
89744,25007,160108,98757
7039,35622,64272,104679
1914,57205,101045,68188
10706,16745,15205,42422
99335,65324,196569,137393
22338,5927,77147,56219
30852,1048,57300,40952
65982,63819,113076,111521
30978,41003,125726,95854
73130,93151,113504,114225
34403,18638,59418,100053
36923,4857,86428,23488
40227,25505,62254,79851
55102,87921,101708,160205
30742,44048,93836,70556
23672,65176,79896,80563
40403,8485,105722,42356
49790,89095,60278,118945
82452,46523,155346,122762
57269,60336,97702,118402
56847,93338,109317,187544
90776,11496,109768,44431
57102,73265,83521,147796
17478,49318,47100,130382
35810,5366,115004,95023
546,61193,51617,145160
44653,39665,50941,90315
96434,1884,154295,39136
69576,51995,154918,93509
24435,37541,34186,127017
44412,28996,90699,74798
91933,17840,128172,30665
6765,52418,95738,126868
32608,64001,46568,100213
33105,97459,102866,110855
17661,60490,31235,160482
38177,89388,80794,147919
41723,29431,91190,41672
808,31614,46179,32377
14486,64436,105334,89570
38612,92259,90281,113173
74317,28513,166666,125777
5626,74516,85644,117510
95291,2695,144389,91197
96668,77290,157405,97219
56823,28315,148912,30194
11490,6919,79210,59292
90000,28166,143274,98048
19021,66614,22026,134459
73344,87580,156288,169864
38509,95512,56021,176688
86213,80170,95795,103190
7277,68032,29897,129569
10972,2707,88707,38897
48055,97022,83818,121599
49650,1055,132072,34861
96178,86772,133977,184240
69417,68599,114771,72124
31911,76281,49775,104130
66488,90316,157234,144855
22032,50623,44005,55826
53801,53559,134705,143638
51819,21820,123027,48275
50183,67944,69607,86996
2959,76770,44128,98877
54485,26011,56689,76156
19659,53403,42866,112592
37571,43564,70935,95367
21868,18714,86120,101377
89332,11228,188115,41055
57567,65512,82877,138136
97078,54813,108862,89618
3048,18956,42587,72218
83395,87740,117474,148612
21384,81477,65216,157097
97877,66702,103431,122413
13486,46380,68429,75262
51968,26595,146075,40742
33144,8606,42110,101804
3323,65611,17101,97652
62830,38066,136775,120230
95962,34687,101614,90546
7858,83952,16403,132351
38010,68130,69133,82639
1491,58300,75821,75231
85225,36214,96883,36988
38513,54848,119575,109102
69584,20578,86188,84777
5578,14526,83512,103165
43612,7741,119147,73213
40252,51051,62305,106012
20139,4997,117607,74503
28012,88442,107445,163937
5982,15411,66951,114280
5810,12322,8900,103771
7731,51489,102861,146543
90859,33826,162083,88861
15719,27378,24772,55253
27777,85387,113062,122585
74405,95422,134470,120876
46543,91825,105556,149334
3789,67328,85483,83794
54138,38102,86988,104552
42633,48371,91037,110205
46228,50001,85810,74223
76898,37521,97489,90512
33243,55344,97283,138702
7092,88797,83222,102307
83072,24529,176291,114110
22682,84615,92774,129644
43156,65973,94660,96157
64808,70015,119595,165998
57174,86828,119187,158664
81676,66715,133426,146984
28713,28386,116689,51171
64440,12247,154566,24871
23262,30161,121225,82941
80254,58753,87196,85206
49736,39964,126408,130288
2124,61678,54058,121049
70401,13867,121515,72140
26850,13165,100999,58952
42553,34057,48802,119411
86571,49990,151124,77722
29678,37963,40627,118794
8434,51584,58230,59098
67808,44045,90176,112919
69405,66594,143300,135986
94378,15703,136120,71553
77389,57261,113285,86273
78970,20622,137677,41868
97598,10241,163594,92670
34233,80259,109787,110014
29905,93409,50832,124050
77886,33697,131475,55620
13928,50377,43707,142921
68873,87953,157524,137947
36158,23432,130730,37325
45582,56807,145408,148507
7308,4762,68006,59591
19374,38004,101533,99368
65706,62974,104772,151879
34892,48561,41047,111367
57844,34184,60577,107695
14984,83827,47088,135533
91455,65416,177756,87950
88171,80943,182571,165971
20494,50752,53321,120288
61062,49656,81383,120884
91017,91242,119860,121650
13248,92072,81554,115199
37413,45337,118184,140157
99634,65388,149924,118776
91524,39804,127439,103152
52527,72870,106751,130752
51339,66198,93573,86461
32491,44806,113239,84186
69770,22269,102231,110756
50058,86553,109160,111008
78757,12566,151379,30974
71346,43067,153651,116588
2121,47267,32203,128706
16435,56290,78779,118079
40261,89782,118139,155577
42590,61366,78056,145479
63829,68403,134513,93488
4909,96225,94375,153226
99435,46087,107825,57376
26518,42054,119028,50019
7858,17579,49164,115547
78418,83485,126893,154147
88684,62642,163053,114457
9385,78079,31905,92348
70247,37970,72006,121343
70780,33243,76334,129804
16780,2795,66396,97258
37137,72166,129155,73338
70700,43005,170621,102631
45744,78783,89793,146309
7655,36523,104035,81785
74009,80712,119048,146198
73236,24267,87369,108011
84633,42607,184100,93227
64773,44346,152138,131231
43724,32824,67748,80831
15424,42302,84704,77013
6054,17175,56117,31222
62043,3622,147856,65397
84015,22394,89709,32106
20924,36867,36639,117717
23182,55382,108045,87475
76245,80726,122027,147297
2951,35951,20446,101589
15244,75843,80551,122411
28288,82200,56339,106432
89525,64536,120312,124617
89601,29754,132248,44635
31815,66267,34195,121576
8454,23546,97260,93035
69973,11347,169109,42926
23296,15811,100230,108456
69531,93240,150481,137045
21076,21363,118027,54120
2080,32126,53600,121709
93556,75384,97094,165061
94007,94363,132559,149100
81603,29069,134957,116076
35105,67364,129844,131313
47753,12770,87268,72654
90048,23579,155507,77484
18443,57031,103312,109596
76268,8711,158608,102149
47335,4298,141218,75244
3922,37786,41094,98568
21764,23548,62626,26983
58292,46006,82484,47586
13069,37962,46125,58402
13924,69904,68836,115214
9073,75938,96523,110021
72268,27958,106505,110380
9698,3175,59102,34233
48753,23831,52913,37577
80752,12793,158487,35849
31118,37365,96921,61295
42817,286,112999,56449
83522,24246,145078,98673
81206,6565,87350,95392
63794,45211,161501,131699
21197,1098,32296,87665
21880,86792,55407,147774
13695,22349,109374,102222
43638,44097,57818,67668
46100,68206,136909,162672
21322,38079,77333,126567
42386,96968,53485,177897
70063,92031,153109,168347
66523,7797,83175,70378
24170,61528,53326,159004
73456,53241,130828,115033
85636,11288,138493,44422
32105,79102,34640,172651
49596,92072,58338,134327
40686,92796,88119,123327
13190,18107,94857,28665
84127,80649,182394,134758
17464,78533,103748,170483
79597,47230,171325,141735
89148,61809,171837,66264
82102,41910,119537,53264
390,43282,40638,52945
7270,15069,100497,76756
42619,96902,84369,114464
76670,15779,134766,54610
41851,31707,103506,114390
16408,98862,43948,142891
14195,7047,61293,36676
97267,75624,156958,118551
65928,42887,155484,140181
34060,39433,78738,137666
58792,46804,64147,96305
58924,83435,89000,97024
23965,56652,90725,88459
30020,2196,73458,16979
43965,62085,80723,146649
36169,17272,62733,94119
26305,57075,42545,106431
11420,8494,64449,23717
86970,82148,116660,181950
29871,86484,122525,109109
73677,12543,78075,19525
21202,57527,67517,139623
69815,8375,163045,21976
84821,38047,93844,88491
44983,77164,128733,115248
92982,49363,152992,143773
42664,23002,56276,36005
21632,68824,116185,165597
73404,57295,103300,92698
49123,46716,137390,57794
77618,36470,102217,136020
9029,10320,16486,76329
27597,95090,110815,145162
80735,93395,124973,135611
82733,57296,146591,61618
29432,92039,100787,121025
78027,21467,130580,86073
17549,12874,90419,59646
88257,87144,184434,98183
86138,67671,153849,163442
74354,80893,101492,121195
89742,52971,188923,83229
98464,51569,158142,101919
13752,7847,73341,29199
6940,53765,11619,117236
69829,37750,147376,78435
8859,7477,71786,28942
13189,5141,23422,101565
82131,51253,176507,129611
1249,3472,72786,9493
60089,2205,82902,24184
75700,30892,78031,65242
14146,68581,75456,127517
28532,35177,91195,70410
13228,41057,106222,41888
87356,8063,101159,33688
85194,47388,129099,141328
28514,5061,71805,57592
87351,58513,153580,143377
3292,8510,26392,75000
20330,22426,34304,114674
91573,58584,176102,145915
76902,35257,164234,120980
20316,33263,42217,102747
67285,56052,111123,117676
89284,43109,116440,107247
91190,16449,157899,59484
34319,31448,122779,43870
11763,75547,17863,111821
28759,30516,103301,42225
49898,48737,136358,144918
9619,92752,76684,116076
22479,26385,50398,120246
13019,44584,26763,96456
31822,44424,82814,85240
36873,41857,51840,103325
39390,81340,130759,158049
34489,55495,54519,125618
47798,33150,97796,89183
51245,33582,67332,46722
60600,36282,114672,105680
16757,52294,111458,59355
58874,96439,83323,179019
52760,56419,77544,118613
69667,20810,96705,35248
94342,55205,117744,126649
63007,20474,120828,115924
71089,62367,145584,110857
95187,15629,180305,114097
53536,16038,91315,100133
54309,74464,72468,102253
15564,53430,65483,72325
64360,38809,147744,60137
64057,21527,64899,35364
79610,8886,113496,49828
20599,54879,44304,88692
1016,89978,55484,110255
16423,64681,94237,83673
64348,69880,153984,96709
64814,68449,142582,135261
31126,36125,118080,67082
61511,51094,128351,62856
24347,15109,44806,94745
61227,26428,132332,50145
89967,46316,180916,133476
55024,76726,132316,169263
72285,40071,72648,129992
70604,54059,151071,62855
73,17087,72522,25651
90421,8896,131851,26076
92310,12267,141965,29577
16405,73550,61558,98084
84605,34657,141916,69766
5601,96872,35658,135375
71349,98026,164314,188223
13694,43269,82467,53080
53660,7741,101469,72726
81855,11560,84850,107984
75876,96281,125875,110748
63882,58755,133631,111116
83997,91088,174429,148418
58012,68271,126537,100907
2418,66143,7391,111905
70372,40536,153788,78750
56027,5241,129325,97357
54763,36147,127407,130450
11848,8620,50497,101020
33872,19099,51395,35916
57588,38087,112248,111213
21788,63732,84114,145416
2406,80129,72334,97665
27553,25866,104048,59851
18592,45171,117118,47020
60678,7187,82328,74055
2062,60027,72022,149998
95517,98226,108245,108276
17144,41331,100699,61254
32852,58930,71099,107101
83746,22339,91099,112387
23014,90654,111779,153287
70673,38021,104065,74934
43792,17542,134768,51506
9089,77985,11846,85714
75587,67631,154256,101744
38399,34789,106098,42648
12611,93408,82134,140570
49201,68501,51236,111013
41054,29318,65644,92764
45028,31782,85160,91210
92964,98532,168229,177940
45168,68977,54588,131727
93214,10946,179292,102272
4250,18408,58811,74488
5996,33284,35948,111056
51009,39776,112021,134056
4403,57286,84907,83181
59722,59513,149688,154422
38074,41248,51836,95026
98669,48961,114354,110427
13210,26324,37959,93991
64898,72224,110128,84060
59185,23283,76405,52325
32501,7246,131095,9024
76500,60032,90335,106817
95790,63182,137217,73596
31301,22260,64477,93080
89763,41222,122534,97967
8162,93705,105281,149491
45291,99875,105899,186985
43059,11526,139978,57256
29798,24328,43099,63804
83813,47413,165087,124277
32229,75433,55346,132081
27710,32394,40118,46160
60666,88728,116861,135199
78326,46283,110997,51868
93907,82241,138428,181459
70642,51270,142770,100890
99211,15295,122872,72909
38595,62449,82691,109014
13480,47211,102797,87480
2314,74028,31993,124295
41342,31498,60568,38446
61355,19480,103731,59658
85891,82790,137766,130089
10391,58723,14892,77171
52618,79288,92394,100551
35320,52915,56956,135092
27878,95405,115966,118619
59597,62634,79612,122821
19270,77290,23952,131784
62913,35874,144357,87415
45690,73866,138947,95841
37303,21638,51120,78108
23282,51889,103547,111249
81288,8940,163438,37211
5860,92439,43856,168952
67189,67031,151882,104369
71471,53725,135658,94881
21808,48720,80946,135814
78721,7799,149365,37163
15618,32817,49924,79190
24510,16770,68088,90581
409,73354,57952,157943
48678,60135,138931,68728
50560,74520,124317,118513
38788,39030,124346,115375
93167,37303,107800,44484
20841,94176,26405,188503
33569,93247,113901,150343
66592,56703,160272,140910
70495,45266,118431,81165
20770,47418,48153,54777
78252,68263,142304,124742
31467,3884,127980,38684
25499,18828,109550,38821
14224,63791,52728,86072
34867,72868,132510,134188
44513,83788,68816,138705
69876,91490,108839,132915
2616,36472,102546,78422
31076,58915,114886,112192
46379,17481,97319,57979
51892,11376,86472,83924
82931,9891,93860,44069
21786,6761,103704,58239
11690,28128,46553,118980
87793,65730,154738,127839
9082,24865,22879,103970
6471,47425,48821,141295
59367,90176,86046,147094
25940,79416,101234,131793
25278,61822,125150,117838
40642,30446,64699,51546
23007,3372,114916,77767
65897,6992,134606,14079
78242,37706,95950,41669
80051,51218,130797,145121
1482,49557,65350,53323
7089,95537,88600,154948
85854,25561,86670,88180
26305,73699,60564,171733
71102,64818,78993,124727
10851,22729,37798,74933
67774,72870,164891,103749
43553,96340,82374,119704
74085,31103,130405,60911
67303,11880,151515,57021
53343,97934,83869,144190
49777,79093,65997,137819
32180,8882,122442,66901
89664,89358,143647,134558
33892,64318,62301,67489
81435,18085,165817,62406
87088,42069,155042,113316
10308,78978,56777,152340
11564,85195,39208,172977
26884,37940,101096,107257
21316,57987,65052,98871
58313,70921,145178,110576
73197,6807,143872,103855
35256,76779,88481,134586
87876,32948,181752,132380
7648,18300,98450,48209
38944,29944,78688,76930
83662,25125,90818,44655
47150,88484,108347,141993
32146,43231,56175,69320
35142,28815,111071,116098
71640,13542,131345,96987
80593,80766,144644,124111
73751,31968,154322,105014
8654,58929,88356,139080
85330,59959,173739,87692
90449,62425,151794,80872
81568,48588,142892,94323
17805,32846,106790,72473
86767,23785,167426,34489
82486,60096,136866,106354
51284,47035,139772,74200
2072,80145,94573,126686
80546,70021,88679,157524
80260,52153,134173,123329
91658,63950,103455,96306
2278,96631,86013,157969
92611,41701,149913,118296
43032,34493,135528,61381
82382,5309,133070,90867
37734,82312,48986,140110
50644,65534,51929,80192
78663,89738,123878,146390
89386,39085,177961,66318
61905,89638,108613,97041
15543,66008,40944,125215
43516,73709,79134,94835
36060,91245,52037,99618
59100,78475,143752,140784
72546,94497,166307,179893
89321,7886,173343,81939
86381,23848,102844,115950
96923,61695,114372,62651
78963,19160,143056,23435
33291,53278,80600,90067
84829,51231,136610,146739
82974,97207,119071,138064
75242,72062,163714,157047
8418,93485,46088,184619
86893,73609,119631,99876
13895,24998,104570,103929
34753,79425,84769,115953
44003,86690,85318,162163
6276,71370,12709,85092
68993,43465,155184,44492
32675,33367,124290,121126
23586,86183,48449,126489
98065,67579,192283,94354
83534,47414,143125,68942
90677,51381,103664,60737
76857,57639,104652,90226
94928,43421,106542,71855
80019,26171,84969,38818
67771,33426,120518,105326
55554,61691,123542,139151
30469,64277,64948,116742
32362,75455,57601,86065
35004,72606,96740,161837
87960,30891,104558,57231
52732,39553,146579,82126
78312,54028,85441,122125
28457,25640,95910,117189
20816,46916,103415,61832
45141,89868,78982,184575
1667,26764,50257,90037
42619,57275,53417,148775
34193,51139,59352,127522
86442,7385,170968,53585
54684,81842,114346,150093
52668,73924,149465,133038
20850,69059,34207,163663
88457,31281,183982,128422
10449,35779,107940,82347
24260,7400,25203,71409
99281,47258,122016,140630
23738,47737,101344,123068
8965,30866,68591,31877
23354,46562,23566,144965
41735,79145,115601,133141
48116,99422,143248,129982
36698,81890,110478,108524
39749,44292,87437,87755
81700,48877,119373,127924
92012,42944,136013,55442
69641,52551,132492,134716
99800,78392,162454,135134
32057,88983,52557,145085
41400,14662,108110,22579
40441,28743,135634,39721
91035,91721,156017,153564
18913,75622,99026,172356
13981,28021,45814,34870
37538,72205,131824,166115
63884,52276,114721,102849
25818,80124,124585,80822
34185,88355,52650,138590
99479,30238,140432,114847
53534,56608,101923,89359
68614,29269,126913,70093
78272,97415,170163,141672
61207,91005,116903,139382
61185,1855,138750,42997
72375,54955,103847,58452
70750,30254,82989,59065
1034,3445,93086,7792
18957,11731,57728,28032
655,15011,84854,19588
48730,8949,78827,42047
90491,32376,149110,131555
29429,39168,68750,136079
25384,2606,51500,47241
44890,72353,137765,146278
5251,72566,83403,125104
26198,87163,75805,154182
13514,54459,90174,140097
18494,16701,72789,65208
82137,30339,114167,64731
84553,72552,118271,145030
34884,31839,38454,44396
26181,13412,72271,26938
1179,70159,70410,104616
71239,26790,111035,97788
87275,71492,114032,131415
84165,80849,180468,132064
35654,24296,62266,97859
46249,90788,145314,113696
35373,42595,101013,73927
28112,7018,55277,25195
2952,44443,49403,98104
95497,62499,106761,150619
30515,51650,52706,89018
27687,72237,30958,170366
90029,35329,136526,66806
9297,90463,98270,114308
25448,50478,40217,81864
77739,93917,96358,171662
15793,1519,83426,14290
49737,41993,74865,122533
13565,74379,48012,150172
65703,4435,80153,92016
39098,21792,58006,23409
41790,8987,45276,25576
87008,31418,150602,88049
87774,14734,89427,112353
86173,71105,130785,94247
57290,66580,107405,111792
50562,49547,144141,85646
46606,46186,75601,64429
38515,14522,117588,49359
10391,26443,60322,93268
25438,1215,65117,39568
45901,26955,143676,90478
94510,84360,139197,142583
37277,76842,111732,165182
51300,61467,72486,96057
29406,46994,44682,135583
80040,85979,153226,183496
16822,20771,25597,69687
99048,9257,195005,59356
76954,14183,173151,78525
9801,12299,29586,32740
16928,2365,99841,28170
79888,44274,145038,88904
18573,52987,57123,76512
45979,41315,62201,81402
79610,49997,160613,54206
55861,33434,120519,105631
43237,11544,63007,73300
45530,79777,132525,126679
86794,40211,163227,96775
90801,71626,186800,124385
34752,6905,101548,12096
87671,24446,94374,99153
42645,13515,120320,105813
47375,71971,83974,80265
55302,87769,90691,166151
12808,65196,53084,144795
27476,10289,124241,14269
1022,96848,40842,113891
61552,42259,100336,97029
90997,32646,114569,78947
14030,49084,112417,136538
31807,45479,80696,140207
92846,81176,114818,172523
38442,95179,71896,111291
50881,40409,140276,84588
86306,42034,100203,64976
75944,91899,141404,180520
15510,87431,36492,119328
96778,54457,122086,61308
74227,71316,154156,85595
71580,31430,127215,73091
99875,68252,192347,120841
79921,83020,157965,97650
67668,72826,112077,143636
8332,95953,22442,144362
63432,59094,131763,124762
27761,37707,88501,54300
49276,813,125036,95485
18875,50046,55256,79502
37308,57809,127407,59231
43423,38938,68849,117711
18532,53933,61898,76939
72859,68498,129121,129979
66325,25728,130151,30191
94380,20874,118772,22411
52064,31295,85320,51723
11011,47935,57360,114803
59714,37586,65605,55299
49268,47097,104925,105610
5356,35836,64811,36496
53830,74288,72804,146400
57076,49483,137716,104112
67151,41122,79838,69080
48092,38868,61439,70264
16064,63373,76074,139345
22072,93583,53756,134377
7905,87375,41998,139922
66654,34890,121553,69046
39429,98912,60839,173770
81482,15652,92691,114088
13440,80365,55774,120466
84004,14823,109762,28287
71420,13939,81928,110557
73354,95152,107702,137929
56003,61148,59836,69172
55672,37967,146891,43913
85645,4028,111923,71934
45187,74839,108977,141472
46566,14090,61988,15145
93149,49900,151307,116234
18346,75851,63231,89070
68248,12990,101471,23929
15715,70597,110368,98150
40489,66951,57076,88499
79303,24621,117861,35981
7481,88557,7703,173025
32961,23228,123844,91646
47759,19321,147357,39260
47185,23870,120768,94144
43826,7790,57659,73675
27663,19830,74962,55269
3673,51169,76892,71924
34095,34444,48545,81211
21954,90049,100310,178004
38112,74392,75108,164573
53236,91760,60695,120930
15542,14737,18465,90882
76810,87038,101990,111337
62619,61175,152994,73710
15838,9264,44991,23557
43673,88298,131692,111115
35852,78518,131872,125709
7177,32621,92300,68472
85490,75634,132359,127321
65754,59590,145071,108536
68084,33245,98329,106739
84775,53673,143669,131415
64290,53173,79639,114475
15624,41669,80268,81722
22905,75904,68776,131338
31499,44568,91253,140635
82227,44270,175610,135250
15181,51003,36604,61364
82250,33977,145400,96512
17276,34191,52399,104651
23696,96794,44119,122316
80249,74010,142648,95760
43028,57052,116822,118427
78910,27915,153530,120733
77769,23915,88961,47390
3120,81011,58724,84074
50688,31423,99640,61353
428,99569,25767,165788
28056,58160,95292,124498
69880,28143,73564,54307
1831,79506,13562,115693
84918,19151,102699,57612
94522,23211,94563,26971
19249,61701,118030,83894
84546,88622,103507,154621
92645,31420,171356,103037
98165,15858,135598,16848
67976,39833,80288,75565
40610,97088,124304,161997
52077,34528,60815,118798
85964,59961,153889,77708
98845,69964,99380,136386
70404,94015,164199,188048
26495,83000,28517,129840
69503,40169,153573,55936
94102,65863,166316,145228
57966,31053,72982,129642
90138,56430,172105,97363
3438,6336,77809,70915
58791,48849,120419,115774
20133,83216,24863,165311
48478,76047,120311,143406
24294,24018,67991,66931
59274,61591,127702,77477
73167,448,124852,51881
22942,81837,30878,158969
67962,12535,141111,46494
42295,83838,70995,115177
49212,95472,97179,193722
18996,12255,102538,85669
93717,51524,105354,96584
60991,3831,102038,59547
73696,10671,138229,91854
61103,26085,68617,79002
83587,14127,119850,28733
66445,75839,82609,157600
29646,59006,80639,113026
47843,73976,145797,91180
69451,65203,105468,122104
63728,62155,135522,155858
56531,56995,72114,75766
76644,90154,146810,147677
72569,30886,125541,75964
88898,33341,99137,71065
38702,41033,103526,74010
76296,91384,122716,179160
34369,60713,63791,139815
70462,66600,118670,157331
7034,51928,10948,131425
27102,46138,81472,103423
76863,88486,112404,111794
85959,30686,125608,85696
5804,39650,57743,63648
20526,21173,21037,37322
56629,34223,77788,86144
45037,71898,70629,113228
86225,60688,95537,76064
63777,39460,85380,84837
5737,78500,90431,158095
99289,10942,173571,89239
81563,76269,162100,122421
67926,77658,98155,176298
26779,17815,114492,96287
7339,46578,85723,143351
38458,8519,106104,31640
95088,28813,150618,101751
24294,62694,114074,81666
66429,45939,126800,89870
92916,94796,155919,170354
55964,51590,128462,76245
95727,34487,162458,73216
55861,86437,114312,167822
1901,14997,98077,41074
17691,44438,66923,47569
75886,35743,157738,52462
52617,93971,54233,139222
93384,89128,149710,126453
38205,50905,46425,51980
21304,91293,57314,185711
67090,82595,151376,142945
71039,78989,79770,133938
35168,96880,78285,123466
13106,45972,73246,116808
53945,91278,113140,141758
5871,54671,83650,119366
81637,42795,83432,94690
32233,92395,74534,171008
34497,96852,133205,190321
41397,95548,100909,176439
74332,22538,75736,29688
69884,83661,117914,89722
49666,84812,125314,115157
43987,79118,109422,151488
36796,52658,75233,70384
82850,44699,101826,48654
76689,8413,141717,46312
12406,25453,23006,79166
64826,495,98598,61998
17312,28043,114700,75194
88338,50565,168426,139987
58590,66110,63949,158561
71618,14499,166995,16819
10425,37393,52809,118257
95938,64979,145411,93963
20201,75998,70634,107781
64431,11868,150597,107079
99333,88881,180715,167501
54175,97945,79938,162974
16262,62622,52661,150989
1634,74761,32861,145395
5081,59930,37307,87974
55186,83231,109441,153176
86989,86469,99242,125900
14695,31875,38130,114133
56421,42655,121339,126945
98273,12493,103452,105305
12457,37957,102178,60557
31146,6547,118869,17631
45820,30361,116314,68726
93006,19483,177858,43197
3842,16666,18907,91715
99161,2445,119284,77411
29448,3464,97872,94367
88210,44007,105496,98314
33840,69610,62040,71741
65602,98921,142965,168438
87688,8158,146024,105863
5933,33126,67384,69353
54902,75736,119014,160103
35694,56085,79563,127187
68659,72394,142628,100536
92409,60204,164171,125588
88149,47272,169539,94545
29026,71357,102790,109446
72513,48223,102187,98431
99985,84820,110065,95057
85314,47955,119241,140861
91150,96267,160092,99694
72542,2580,170679,65358
49085,43471,112115,59651
78042,96852,134259,106153
3607,72029,4340,104362
74794,83320,99936,106915
92560,67056,166755,110019
74488,2791,120546,13337
2897,54573,27899,151196
6256,91697,56977,170834
28911,89800,66709,183876
25237,73824,84749,76967
69195,36675,109093,65971
13207,73511,53755,112787
62364,47332,151676,127158
14161,58305,71064,82654
77939,39066,104093,102630
46838,89441,125510,160124
91897,88089,97465,161083
20911,25837,85112,110052
93359,86927,183560,165673
17342,10381,70326,23761
17519,25743,29582,76627
15326,71318,89481,167790
38722,29650,97631,68061
50361,22257,74902,92800
20041,24573,90436,80471
70899,69640,81035,156379
98029,83345,154021,167638
66684,93840,145991,152424
7368,51684,21628,119044
56952,58609,145475,79956
75374,37947,76428,61455
81668,58283,111932,86211
2548,87940,66616,91682
98075,4795,117417,80419
34069,36286,102435,53411
97365,78395,139162,115013
78669,82136,86017,151871
31470,66395,116595,162944
13820,95687,19428,132384
57153,45390,105020,135103
99348,86222,178456,92698
14110,60325,108875,119080
93443,31882,146661,52787
1142,40224,78460,51623
86972,86212,90240,104674
42125,56962,42467,102729
55248,21143,63194,45223
91435,26469,173335,49664
35372,9312,63301,24402
23232,69560,121792,88798
69783,35980,116256,115539
25240,24537,98232,116290
73921,99799,153136,158409
6753,36379,24537,107270
38411,30360,118397,48750
54870,81155,142040,112494
18637,59005,58244,128133
44227,14621,61393,62409
39438,94504,70573,178682
15986,76879,43788,171208
90259,2846,94152,12641
85879,81945,162056,112908
29021,58585,97087,147861
97744,37932,139277,41893
57819,36673,131102,110893
6673,15573,22531,43843
92259,90920,177371,112605
98608,54159,120162,67976
38448,51685,128380,135077
80590,30959,113254,128948
28992,8577,73742,37797
68979,86051,94503,137053
14254,48358,83824,80205
83434,57875,104909,79249
43242,37836,81913,87641
47154,25580,49377,31753
46799,90239,57317,144383
87140,244,169957,95152
52790,27010,98040,71043
51453,91829,107696,150990
78375,38981,105702,123372
89578,59594,124142,159115
97089,75389,185220,141815
7982,72642,86217,111705
51617,21605,142936,83250
95023,98160,124498,113004
20271,98241,82254,156960
6014,58293,77803,115416
87352,12962,153778,97149
25909,4290,80192,82086
67611,76773,137374,175663
93360,20986,147739,67362
91838,99846,139859,175755
55118,42046,94491,112259
33279,17605,67639,89439
87006,22911,93065,94758
34971,15924,97532,95533
87976,30745,150847,83497
3253,61971,83299,147260
58359,19214,76096,87172
30885,18543,71492,89135
45245,34894,86336,53194
57725,53261,137514,106516
62173,7927,75894,36740
91828,40697,103278,49872
65848,13680,74619,69883
72447,13555,76786,27292
92217,33386,102533,49775
35188,69069,80142,147989
24169,5918,60618,105178
97105,41662,144723,57280
33786,75290,59040,132995
87093,43430,157323,51481
13640,55,20813,72587
42264,62778,53398,80660
6869,98870,19322,181052
57044,15128,92148,52577
45244,95481,75107,155757
11077,26212,54688,118623
52336,11534,75623,52910
66826,81420,81331,104951
16530,61399,26467,108439
92475,14180,119445,45586
527,21549,94754,50562
88181,66523,188000,88113
9322,78750,63766,162855
46382,63798,54838,119277
48976,97221,129678,139494
30611,3236,130430,31140
89301,69500,179771,74067
45462,27822,90667,47921
66438,58837,150341,143569
56543,17393,107510,42811
94518,29398,119932,118872
8401,94688,47580,160068
33275,17121,42566,72324
74302,57536,84795,62412
1871,84465,79920,93046
68848,87052,137488,122176
35182,44842,52398,128228
24828,77949,109411,151260
86103,35022,108232,85494
37211,24081,56482,96206
81770,1856,167072,80180
51842,68415,101987,87682
39222,24405,125189,103165
92880,55915,121983,121600
91775,43454,93974,107947
86516,68204,118310,122998
73566,43816,173275,122434
38016,92340,107999,187252
15086,54874,28001,130219
33433,39605,64435,119487
92416,97943,162621,166358
95540,85906,192487,177006
2148,21332,87417,75755
42976,4586,58767,42374
91245,70922,160300,84401
57023,75639,136201,100762
62409,12619,88599,22092
54607,8856,77375,41194
41893,78741,112424,152460
44293,40883,67937,70039
73980,59520,90315,143597
3779,13101,53336,63650
10378,59890,41871,84060
31875,107,88844,30798
73359,62697,170724,158233
18636,7635,31786,47379
66906,41620,68923,57391
47318,59571,103759,95865
20665,94526,21086,146285
68427,76306,74542,92878
25756,49003,40206,78377
20436,65086,53911,69314
46048,6908,51664,61867
81488,99587,86480,146384
2832,59054,93018,83923
96799,9489,101147,18950
58684,67971,102497,93659
41833,17493,140823,116947
16756,70406,26881,153046
53528,98320,82069,106960
68229,47692,86246,137110
72005,18294,105866,35366
43336,86052,97026,163300
69518,66975,73483,166812
99163,51108,191450,138027
65248,73091,120880,76629
12425,98440,46900,117038
63673,18382,118583,97760
75688,33734,157668,88076
33803,79561,85768,172975
80314,71200,122940,134566
60567,53340,67981,75259
82218,70417,160674,168244
75945,21381,132548,25931
69973,94864,74955,138103
49687,95099,74675,149859
56251,86839,82223,108256
62989,32336,106670,101028
60228,32980,117073,74241
63547,28431,90850,127970
38828,73845,131945,100845
9571,89093,97590,143511
31226,24055,90569,117768
77249,58930,89051,108595
71439,63421,130735,138847
4548,31646,6893,60840
67106,93271,96660,167016
82582,75754,158038,105164
1699,38511,40077,123196
7151,58317,52713,81569
38036,17382,110874,23209
84200,42863,129819,65132
45498,41887,113754,138922
39254,61261,80760,65968
82678,38905,127572,76883
57335,48427,82498,109661
49541,76426,94571,135959
90549,49684,155959,84446
87737,59374,150966,111663
31868,46487,115136,112272
41399,90717,135898,101352
75030,6089,154953,36866
62039,27619,149707,122398
21891,89537,53351,175668
44459,75856,83564,91805
28078,20912,87985,116981
46471,73303,83040,156165
32419,44207,56635,131499
50472,96595,84964,163367
13404,17695,89000,84305
47275,13375,88807,15625
92584,94715,119607,125868
97396,6025,139881,25444
67680,83548,151386,95977
51320,95426,148533,169211
93592,51853,127149,83979
8135,87868,98631,169524
70099,28591,130505,30983
64700,96799,77875,124876
85829,17386,142176,88422
47114,64777,114817,70150
95417,70612,130019,121082
10745,79813,63795,170073
43273,56613,129194,123187
92970,70114,122292,71449
65093,93105,83629,183073
53817,36458,59812,126381
43115,61742,105789,129398
62552,95203,126608,135771
32003,46804,58316,104163
14194,94405,97808,174771
22076,24771,98442,111716
94773,33332,147119,111046
6264,96540,19459,162944
93666,32513,132740,47935
89189,86448,101541,178157
81712,93991,107874,146267
69157,23043,89495,44180
71197,86605,130180,152735
30993,85880,56283,86464
29052,54617,92350,77986
4447,13060,51893,18493
21606,95347,104731,143020
8591,7593,79628,33508
64160,96707,92112,169972
46940,12549,113105,76679
76686,90789,92906,112651
28833,49417,99027,84921
943,13738,100745,15128
42798,39989,69446,56035
67481,81928,70969,158360
23742,86785,88899,128943
81901,16846,114851,50565
3186,70038,72610,148145
74171,32988,119967,46384
81781,9844,170755,73227
41948,93307,64955,99330
75612,70631,130903,159736
41810,96859,114008,147226
26383,54080,27238,88100
4632,35421,45051,100018
53098,36299,142544,103180
65087,15637,96528,76732
55979,43240,108144,88711
62215,87420,133018,131255
17233,77016,60631,96078
81374,29669,97481,40505
26091,71141,118588,142238
62597,98513,106569,156952
42134,33674,50229,133469
97959,23335,124544,119556
56951,49469,79979,147195
36516,18996,121784,76762
12326,2107,45356,32503
13891,75636,48490,151915
26707,40003,59377,87738
92927,53596,109939,66452
47419,61509,89626,74423
79506,99000,118910,185282
12164,98249,22734,122288
1660,46755,54496,71820
16783,80403,71964,139742
62364,45810,123036,75529
69450,25148,76700,59179
92477,40719,123897,58946
10193,92433,61394,157947
78130,56893,168781,71335
20259,62762,98534,144479
80398,44013,85762,115556
74245,57459,160828,66906
3382,44566,12963,110208
87653,64963,168430,121216
41532,44878,79127,111696
33210,96411,74634,97313
70596,87173,81611,159372
43409,20837,65036,83142
70201,6054,73837,93608
40563,51349,135745,90776
81955,65619,139631,162071
25019,14385,84926,48057
42184,21959,89571,75020
48178,34722,80916,60092
81693,68363,173888,138021
34153,50308,87793,71244
38031,62475,38128,102914
15314,54794,113556,128282
54109,58959,142918,74357
51642,86910,125247,154628
93031,54134,102582,145382
87775,32950,167498,47378
18682,96408,57885,108259
92150,99928,190916,135199
68903,27064,102396,37255
85727,70169,136787,167808
77891,17672,151507,52652
35861,94037,87380,99429
19970,5120,118384,36879
11448,43151,108704,96069
19876,56719,95319,68404
23135,51211,94252,74091
60985,622,157495,54362
89746,29247,145522,121197
36796,55323,109915,121200
95749,69357,132902,132625
85130,29256,168257,53240
89744,6873,172303,47724
20895,26595,104759,85457
84116,16313,95507,63045
74275,77,120520,93081
72942,72268,111587,113782
95450,64865,183464,149293
77258,86458,102625,175659
45714,37359,80831,101589
55978,54530,126487,69400
29055,21440,111849,112923
85535,97521,147815,106630
86256,72515,117030,80128
74258,68565,105097,139598
53092,61422,119947,91505
77407,48607,122576,140940
57665,7713,76151,18628
17893,23381,45407,53975
1250,58648,49772,154795
33109,8604,53385,15442
23478,28900,39772,49629
7263,19370,63764,73888
91842,32633,176209,83137
54423,84534,138332,145566
36350,98208,59680,148542
44966,66519,119809,120227
36310,54638,80192,124928
2396,73575,69264,77323
92200,33752,99807,109771
32203,29834,128389,87275
93177,45059,168988,69967
63898,35617,75890,100341
43368,54798,102390,92744
34947,56405,86307,89728
69026,7580,158551,46046
6009,89015,103529,96300
14280,78220,88951,139949
30792,16138,101767,103687
3941,444,21601,97831
88509,59960,141922,97297
56855,99012,139625,138664
29326,60199,117044,114285
41975,38579,101286,123496
45527,37033,54791,84342
71391,19544,76005,99374
88582,28309,94028,97583
64986,13830,100149,32461
97229,54628,112106,110532
93291,93060,99148,118488
53444,69249,135250,146253
8108,55990,102812,127051
39196,73025,110783,87084
56791,66141,73286,88879
97815,6249,188287,9525
13845,45269,100002,98831
26993,19459,102505,28079
77697,77605,153882,120146
20727,85761,89431,162047
12596,52858,22307,138779
68543,63477,144817,105006
82422,4678,105263,19078
90766,84633,160406,94038
87838,78527,158982,134792
24946,20392,66690,78540
92057,92211,151317,132395
57048,46700,91153,86836
4427,18809,30325,48424
18754,80684,86379,96936
69441,28893,96624,73933
78784,8186,136638,103420
48084,85071,112597,123101
89541,31253,105992,100115
73580,16319,153027,47211
95490,55137,135251,85367
92757,9670,137938,75634
88930,83814,94351,182799
70898,10352,80629,20782
79209,34946,108192,39925
90150,18919,183513,112694
17480,87809,62502,150703
11102,40201,67227,72207
60342,80888,130234,107554
18148,96644,95776,162821
41034,43581,106294,91151
62346,4935,128372,54443
6876,28338,86154,61339
17236,17956,45759,91067
79605,5203,84540,94634
1292,91878,9080,134143
71992,92391,130477,101735
88170,61178,102500,87470
31132,50492,55398,107044
56664,93674,69806,115643
26370,86620,80449,154504
63937,1755,109586,17953
77003,42212,113136,108337
35449,97973,115073,194395
24964,33239,31297,105807
64963,19707,100152,24676
60234,57408,111580,59215
86231,46699,135403,55229
14095,69538,84419,76380
66899,44773,144319,47960
49773,6768,81477,23270
16078,88662,76492,118081
84496,83697,123554,142042
49426,87779,111603,99101
14295,6369,15066,77409
26744,90798,68806,103965
49625,94065,109294,138295
86497,41078,175566,100220
12528,78448,45461,161424
43511,40723,111280,59044
46906,29759,50870,43799
73873,48308,122568,135019
78478,37596,120025,39572
53563,55493,76076,71659
1032,83968,44787,163699
34073,89969,45450,90204
98907,77788,187098,134569
6313,85588,33729,169164
43562,48437,72071,132314
62663,18822,72792,23490
24846,29395,53530,66024
10958,86683,52433,87500
40783,81283,86188,179313
98784,21056,181058,27401
28560,32474,103061,107944
57696,58897,149408,70222
15091,31769,78192,78634
95228,90534,165875,187882
16094,27411,83873,46010
79396,8884,97624,88053
50039,87908,120376,99529
58974,69424,72355,129283
52980,770,76602,50750
54354,5602,94439,10520
73300,54776,95873,98660
64991,87087,120051,147917
72997,1024,136113,23956
87576,73288,104999,132882
52368,8357,124896,67484
86328,24900,89450,84850
39653,18252,42315,75529
15054,75702,73544,134354
78462,12404,174192,49659
69265,52048,167986,53754
15309,9125,81012,101717
11234,38501,102451,66874
15259,40905,74200,91559
60650,89136,75361,169496
86646,19594,166764,112439
64491,30194,125643,61849
29108,20615,53962,33228
82232,61752,119047,128320
91079,32058,150943,42568
14444,9129,31266,92747
52118,21551,100289,46281
25621,86412,49243,172644
14401,51856,98849,132243
6608,50362,56412,126005
65220,54908,72947,82628
98228,1275,132001,56579
24633,84298,61951,103027
79849,74248,166024,146718
32445,30694,86223,117795
8057,4086,89340,37327
12605,44454,54234,97814
66966,18655,132634,95122
67841,14594,139007,100391
46836,52109,125882,121060
45139,47341,136851,145810
55463,21370,117582,60606
47882,1778,50206,29935
31669,72053,102661,80514
97138,90296,141863,156635
10158,50891,109369,96539
94794,11157,104015,91014
86083,15980,96914,47323
14320,79906,39912,86852
52246,50150,55939,50264
57803,54286,99423,75524
9344,82420,99531,158290
98219,47442,175947,129579
73502,9775,111149,23833
2166,19935,58169,41625
18618,99199,105820,175632
76055,57591,157537,135636
4014,74558,100110,75922
81664,82768,134665,117697
2674,36071,55432,119133
90667,92422,108513,191300
4639,42682,60520,109270
66533,53439,85285,132106
28711,65370,108968,125996
65090,86654,65578,98125
96651,99864,124225,177252
11519,4780,103908,98334
35870,68575,133391,113980
24177,65142,86070,73812
50598,48748,65417,112888
19378,15238,116066,113234
71933,79327,104941,172766
27923,18086,39400,58286
30527,46065,34348,101492
23918,98637,102108,122171
53475,75996,70807,170983
10165,10240,28180,107892
48213,24911,91089,98358
50734,19061,90426,22484
72672,60432,83776,132339
42818,61753,56739,87956
4871,52645,47380,106513
24742,65140,118227,102168
44973,48781,76225,73240
42853,22311,73737,86500
96339,91884,113166,110531
41088,82618,132408,175509
23164,59985,91454,81660
9327,66194,55230,143223
71204,37447,134962,37556
63537,62354,92066,155889
28545,34146,120788,103094
67449,93893,117116,95728
94063,33835,130489,100908
9008,91808,16167,107280
82568,84372,161057,157031
96246,9077,133648,94125
78632,58169,120293,124424
70130,34917,82326,67851
94852,61247,122022,73411
87695,30871,129359,120432
9722,99057,87073,117146
69722,86292,109298,87806
40699,30579,56751,90394
85237,22929,144122,72148
15810,3064,99678,79935
712,91983,31007,139612
25122,57419,119644,71835
20885,33154,52495,84534
97570,97252,133911,101513
99722,20979,125967,86673
18321,41734,78797,84806
6629,96151,38050,187089
36198,85649,134923,132806
71184,37074,92963,132274
93268,50129,133266,98630
65501,7810,116509,107718
83678,80154,154944,88744
70711,90515,97755,185719
73605,20179,98741,74208
58739,10480,99080,27960
47793,63194,142805,86255
56540,55009,98443,143227
11253,93297,25323,130438
88986,28513,177188,119326
21812,5171,43713,95352
29192,5178,100054,67921
48440,77327,63250,123327
86816,66664,158664,69614
88317,24295,125900,44811
43788,37474,75631,104646
29856,79302,50220,110876
43558,72551,88020,144427
17942,85445,81471,162419
16016,43358,112284,133162
7699,23462,84359,52479
29968,30275,69185,109116
74345,56344,173949,65566
56732,99157,152535,196737
62288,76185,73893,143465
73350,89670,83883,176158
31951,42534,46844,89343
749,92181,76147,97765
78706,28680,114557,104754
87029,77544,98016,121863
61737,64792,79683,125629
2017,16900,15691,68143
5049,43497,89691,66811
67953,66428,109417,152800
14421,17792,96228,46337
56149,61617,72136,113637
14668,65585,101851,151568
13799,10561,72667,17722
59580,51556,85166,86632
88066,14653,172787,41622
86165,37774,170659,48173
11242,42508,87828,92373
76263,17919,94677,77889
66420,65138,103552,79184
3868,1863,65278,60507
10983,64978,94686,117535
45764,56619,95650,114977
67262,65774,136337,116969
31845,33493,42029,55831
23562,62128,96161,97874
48781,45035,94501,118579
9005,20914,56122,55352
86264,96797,116725,139210
76512,58631,99745,155151
13018,53189,84020,138017
10613,5058,70878,28375
91237,28813,116035,64978
9724,21111,103235,118823
18468,62801,112195,90976
70083,24576,146861,31811
19940,33171,59869,108791
98565,9319,191011,26887
50751,12470,85009,105727
39310,99431,84825,133043
53278,48607,82954,77108
52348,75729,65346,83279
31740,28491,100690,41346
57134,50631,105893,92994
67109,78570,104515,167284
36404,96527,95531,171066
23295,89451,106564,154430
32127,54585,109175,150538
41240,53867,108270,86096
1251,77882,97757,109033
96713,52967,178870,56930
69273,64245,164005,93449
28562,64062,87824,158426
55028,99755,149362,130156
17860,72699,25812,83929
61057,29740,104814,32217
47416,92404,78879,184396
83748,41131,141297,102298
77944,58713,84871,105190
19372,34546,42850,66237
45012,75602,103789,172859
41562,86529,83808,112635
79459,84168,144645,183891
332,83480,34239,90918
97288,38566,183862,94741
94687,36838,152815,86457
87882,89905,181017,152185
66760,75561,133728,171253
55719,62577,90769,79724
33037,84192,76804,144023
73227,17107,117714,34766
45520,57258,62404,116349
5064,19410,76776,97438
76111,73784,140650,93598
9860,78535,53472,119796
29818,70963,115194,169251
47085,19894,131777,81629
90404,87619,186847,95351
47249,77908,55109,171990
5623,48224,77882,131581
40203,82981,104919,135947
92620,1331,136363,19184
99428,23432,196162,30429
67687,80538,149441,163970
6050,86408,48080,111727
13710,74016,96537,127141
26670,64757,73043,94827
77855,49030,107109,69257
14900,91476,102673,190267
17318,5329,68837,54527
78624,69152,105978,162361
73736,72210,165439,112597
77575,63275,90357,128156
26903,21482,53355,25190
67358,85394,95570,110854
63437,99172,148034,184476
99165,38387,180062,76118
16427,82595,97689,99127
2780,19349,79979,75353
10314,89537,25518,114888
40768,90930,42914,160685
92185,36536,169450,48246
49702,9383,129946,107943
12902,65416,67618,83588
114,27050,57795,52973
33176,82031,108030,145520
78057,7910,176991,64014
64743,70927,129534,154753
64498,54024,154789,82316
47281,27854,138245,32025
69328,10359,86119,34101
6094,9855,101252,29950
89776,67908,93419,153330
70526,15916,77378,112947
8616,23600,32190,45874
48189,95932,106065,134876
2339,60608,44343,157195
11181,90108,25219,181841
35849,83314,56972,162432
78606,87254,94260,141646
79185,40884,106721,102217
97377,4555,193817,18281
70750,90808,72199,106976
52242,11847,131059,104856
54757,35192,64569,72397
780,26803,9472,111374
32580,19617,129300,24440
14354,35356,108510,59167
63933,19212,81315,53012
31758,9166,74905,48725
54513,41766,79095,123263
42356,44422,78093,141192
90769,72067,174888,142911
78768,65001,149150,100456
96494,56859,192914,69012
85859,56843,121527,144810
24023,58618,43533,117957
95790,58478,161738,99587
35238,48239,127889,134923
49521,30779,61149,75229
666,32744,26536,50923
72717,45426,95273,54853
66051,51840,74501,94366
50750,24921,141328,80006
8508,42547,81690,46505
94980,14055,192592,81312
1943,29750,6715,45732
45707,28862,79494,77891
42139,60890,114156,117052
84750,68206,109507,91814
56136,10633,63658,77740
25236,62240,26941,77068
39583,54550,60000,121401
73388,62587,129459,146051
1707,13089,59901,106963
69662,49323,114585,89716
28481,51368,124020,52769
6768,25386,100547,67910
46450,19264,78364,21473
65729,93802,75146,191248
29605,4045,59527,41693
4812,47293,78532,60050
25942,96155,56968,147755
96438,1597,172344,54902
83531,66675,136321,136701
94449,12741,143722,14468
1420,61620,76899,80587
48583,44264,96746,112528
42058,14542,65720,85387
3532,94183,79820,164847
64210,60978,100927,72529
76631,56328,102795,132437
98002,88336,142500,134257
10146,81375,109907,101439
62851,45526,105122,108203
28634,66212,33872,162121
77054,56091,173304,133202
56899,512,107304,45924
27407,35451,116310,86965
4186,62636,30246,130493
20237,71437,43610,92847
59136,64868,156319,125452
8066,24162,80165,83513
77703,42742,82698,76601
69042,47866,98003,51392
6778,55314,104434,118921
50322,30098,51328,83411
87505,78722,104835,109815
51990,13859,126541,86714
67626,8027,116724,97206
24914,67654,25788,152520
31661,25707,56820,120813
78450,41987,172470,141606
72470,31331,148937,94282
11094,51523,79498,129042
96173,51630,114106,131636
66246,50588,96527,129229
47978,97628,83802,119355
37079,31412,44525,40509
25428,6373,116546,19434
57547,36410,155964,60878
12176,66051,70324,85832
78020,91178,88756,168410
69287,90040,154214,140303
94687,94792,138692,125428
61909,7452,156329,64841
9009,62033,84741,72630
26311,8846,90223,94129
90743,7252,181870,87446
60786,48503,106684,145375
94685,57333,98225,121738
22483,69394,64202,156012
29989,65419,61683,109522
94775,8876,181523,101316
27054,31851,92245,98423
25682,16292,35503,90515
90184,58552,119586,142257
80280,15929,103172,50558
3538,8117,83564,13496
94222,96641,161129,150271
80887,79267,93738,107747
62074,41201,104385,85762
15430,13519,76955,19645
69561,77662,149748,139420
59080,82450,70210,174199
20260,74598,68693,112464
53703,66639,60188,139234
55339,7381,139454,77880
86990,64584,122129,114452
42106,19596,69074,43259
57229,36073,96982,57627
19736,69613,104226,100432
92107,54628,153327,103581
20736,38270,71195,77026
60879,25959,67268,26079
19545,17749,69756,93581
85801,10478,97141,39475
94493,24179,137730,108297
79640,93755,107708,129862
52883,8748,123172,85185
99498,46331,182933,99826
26662,46301,70769,76636
64642,44776,67276,109910
24068,79513,102824,87667
9349,58468,26933,122846
16775,54431,87784,94196
39361,57901,93729,149084
64114,55663,122227,94089
71733,68849,140776,103076
59899,59390,125463,97021
43435,30440,110540,67129
22310,75005,102857,160917
65624,24038,165015,41595
83587,70904,181942,72191
71579,24982,152913,47755
89200,48264,107221,111883
46300,72144,84100,76903
11375,47609,63654,69844
512,78778,90947,178295
46063,72206,99012,167563
43166,40092,63462,66044
27393,11681,123591,46395
90871,84738,105765,130982
60958,40513,112827,112230
4637,39663,62356,118733
69201,8520,94727,68459
27352,83490,104440,147839
58420,97727,73274,195621
83491,1923,96387,72838
36750,80802,75457,91494
57495,23392,137548,103573
41251,66886,54000,112381
81204,67716,158076,96594
64034,67156,101387,161670
16340,27581,114911,123700
91736,46613,175435,142517
5905,44323,52236,116833
18254,98022,103110,187181
35244,30570,100490,45861
33018,62774,121877,136551
81665,38737,128130,132966
39982,82168,79473,145075
70878,35413,170426,124133
34600,58361,83653,127864
16031,69035,93976,122975
45369,78284,115338,94066
51536,68395,82241,142454
78413,5432,109698,101017
90922,98451,114386,105177
95774,34447,147756,41192
87806,85780,133140,146911
59163,91086,112559,97045
44591,9271,122966,105742
83265,37474,93784,40754
15446,3120,78247,69149
64420,2370,97647,11304
52566,75180,122099,133122
42731,48018,115021,113166
57781,90323,74365,188043
60344,18973,127673,30052
37873,73398,75301,78863
71786,45771,123215,100640
62320,20718,146686,111020
90425,1168,140151,81710
44752,28381,100477,68386
14727,85782,52975,133173
30943,22820,45938,46913
5272,83444,53541,144657
6692,71643,35149,81619
71001,85558,116466,177088
2230,2959,47028,101693
19887,31131,107217,48022
71414,75863,118016,91908
31150,87172,102011,141805
7408,27419,54926,59945
3650,70387,101711,140167
37011,72523,115284,89423
10964,83921,74066,173120
5004,31155,95616,68421
23629,99975,69196,110004
58535,91648,97029,100043
59052,71413,146604,155812
11890,50149,31812,132730
50385,11634,79606,52690
23202,19795,91351,99665
65456,51061,114190,75878
63507,91071,121548,175879
83640,10468,100492,86132
55964,50517,93359,116411
59575,4303,118219,84142
94251,28934,189463,96896
16680,23915,88295,55804
65211,45992,90577,90119
37286,27803,38486,58364
62903,75538,148612,84469
40754,26685,44158,114207
31299,85099,38701,99838
82220,75061,93898,125301
16590,43783,43951,77595
67433,88280,144532,149491
49744,94428,109838,104493
38914,39592,45073,69200
81532,42684,141311,136818
52110,74450,54136,127282
24005,51956,33912,144136
93230,41259,178842,61506
88119,88733,168526,145884
10565,45773,38273,145044
46511,92014,73268,152305
1946,64984,61014,136654
98212,52171,146726,110300
51965,36401,129767,61964
14148,39039,77505,60017
82445,11958,167116,74550
97872,83487,102640,90159
65995,35021,110292,100943
58856,49355,119940,111617
35944,63778,98302,95727
59402,58282,66787,114960
60445,40361,114792,40756
47530,42015,110335,62755
61214,74367,145536,123073
34892,94703,54260,164181
95010,40119,145295,116417
90318,77721,121522,111779
1592,75085,29759,156271
42851,22519,96454,69322
1900,979,48343,97911
85318,47657,91920,108670
73841,21773,135283,40928
83787,71921,90992,123083
35039,3841,101078,35893
42456,37716,107173,55745
98913,67286,123950,120571
95847,70030,176553,125366
10726,19278,20046,25326
14669,58720,80693,136807
58084,75405,117090,114008
9424,79184,92504,115735
16507,12899,51026,44488
4590,97891,89780,196882
81059,84388,96463,111529
96834,72313,140783,158779
92396,52620,176238,120989
64458,99988,91811,155430
27688,28822,66256,86962
54609,10025,130936,87479
57267,23758,77439,77219
65780,27759,102957,104802
22086,88371,79048,163334
32996,66310,80363,141858
58926,61291,98914,132573
32295,74687,64532,112185
82711,97839,179750,158068
72591,80726,129064,90432
44833,36247,101949,51340
78317,69585,88657,142604
95887,8604,113630,48382
75309,18219,158740,74111
54627,13718,96289,80609
29738,9736,104416,55871
3715,46340,49834,116532
24068,84060,121802,180936
5135,29316,54971,109181
23005,51178,99190,130905
70274,26404,168184,102404
77323,46005,108479,122872
65261,60986,101361,92517
88202,9662,160506,64413
8092,19048,59662,80244
37394,50155,48061,85231
93583,20465,169863,26018
33836,25737,123798,81975
21171,98105,104473,158517
30020,39375,46023,128971
10672,34356,72607,56731
70757,82816,120503,118598
81629,21691,115972,86613
43268,43295,46383,45252
71773,53663,139916,83101
92764,50643,151761,63215
74802,45209,157806,50890
60967,68219,143684,128658
63634,42685,125540,104253
38777,64200,129002,89084
69350,51919,98342,130417
17992,40452,73006,47687
46741,57178,143320,143517
32282,30244,100962,79746
27564,68437,122051,167570
16099,89930,79905,136133
71469,24683,119160,72944
32651,92698,114049,143566
11131,9673,101102,48174
71204,77783,160870,102178
99354,63635,113009,156035
47451,65400,86736,134953
77342,73471,120461,123868
11434,8340,61424,83563
22709,69623,58870,166727
90119,61634,131934,98341
61952,5526,66904,23354
21275,48703,105131,84441
42379,92501,141028,118273
27484,3958,87444,55418
55953,45448,124840,50211
45517,72161,84164,97765
55531,72791,72357,75821
35010,63330,71844,144614
19277,20704,72995,67213
23020,78131,89541,101104
32535,460,63482,37382
98320,97014,102510,191260
47256,53371,55998,113862
29427,9329,30922,102806
32702,74790,86420,132395
54811,6126,68500,92971
51813,43323,150950,62519
47538,61397,135846,74124
85349,76988,101067,148102
65418,65043,69462,80166
56814,89855,124301,135854
26419,79480,84928,170877
19288,13581,96590,108255
14656,11909,97200,63561
91415,53057,102438,76509
14539,38812,77764,69143
94788,85443,153750,87203
90798,56457,146281,116921
96327,49682,123822,69610
36913,91805,71989,140619
67828,67126,115167,105270
94769,7711,149758,29644
19467,41265,79551,87633
53945,49671,124166,81896
72105,94371,94853,165801
16270,75574,30821,128089
3690,68611,7572,79584
7593,2043,10852,85607
38273,79135,124841,124917
39557,86160,71023,157922
25554,74324,53390,101828
45124,81470,71058,142609
91446,20427,162794,114140
28108,40452,125324,93591
35357,90831,56423,154382
27208,66262,107453,104333
34771,623,80290,93773
85693,84164,106857,101940
28914,66371,80797,105494
12883,59317,18607,71449
86711,60283,142101,115549
35151,11890,53546,63216
47847,53476,141761,138279
53087,41059,147506,82298
16704,5544,98367,71245
39141,13406,89032,47116
56281,54558,144659,113597
66959,38448,144262,97981
82636,46795,140426,52275
15596,11693,22860,25449
96012,50664,126379,87377
91881,3778,178949,95679
19083,77980,29280,91046
2452,17800,75690,18898
84010,94026,147255,105645
84211,64864,139734,147913
89442,19747,132918,61348
15285,35894,15829,135030
26328,95704,111464,185452
93641,97387,130426,193456
24298,43390,98430,99135
25481,20212,60782,109745
74609,41847,109582,115794
73595,15448,124507,29735
95157,79334,113647,134735
19724,55019,85094,113951
2571,32450,22341,106580
21085,63975,102575,119351
82279,87805,152892,89652
65115,5626,140363,16100
2898,16512,60495,69270
18502,5084,61383,28869
18689,93442,38158,124733
11522,95564,14113,192287
72694,40931,163552,107139
93076,68452,170198,93408
56674,55917,156359,120817
95580,59923,155726,125261
73242,59969,158591,156583
52289,96819,106309,180126
61190,23374,84262,73579
31570,544,31786,41015
38747,96699,117689,164912
18586,9343,51159,107882
6085,15462,51664,43692
35481,27278,79084,89351
73860,25240,133677,30303
94784,81339,119701,85366
8756,77825,71639,135831
27514,93809,58346,108561
21894,27703,114941,84851
17608,60173,96452,123406
49964,72689,63715,119027
75629,99404,148397,116401
18927,87538,85122,177630
20731,58127,72766,110533
91929,83128,160481,119862
93394,91981,141822,168707
83199,65459,102386,121465
68474,38316,88865,53982
90116,61210,118091,85630
38483,95174,103890,174197
29190,55834,64287,67312
63923,86064,103683,154794
91213,49548,170564,67304
4360,66434,25719,125074
6541,33719,65961,116893
88292,77354,93367,120169
83079,22082,108308,32812
63227,91504,76569,142093
201,50709,47736,114834
48525,17678,125896,32874
602,73411,33890,145171
73972,19993,125046,68722
18868,1522,76515,28969
9246,35282,47223,113288
33223,13381,115218,30860
83488,54220,161160,66745
68037,76002,100940,118337
70206,30634,75858,101439
32594,57560,116678,125745
13762,9936,16330,57611
22431,74531,114250,101322
23232,40332,89354,80805
97323,76617,142562,133738
89457,73221,135224,168375
10247,68881,51977,81134
22258,877,74569,56384
5544,79464,104484,105609
80386,99393,179391,161667
31168,54190,44171,151474
41559,5098,79657,69257
33211,80514,99289,147678
66834,16517,95540,107073
75439,82990,169029,98198
50770,16925,92546,101833
31788,57688,46201,103173
28774,28014,110962,72551
41813,4074,65507,79631
73262,94322,111557,178356
77319,58519,117215,151329
97231,93969,121754,117536
14651,41487,85803,62195
14084,99192,87603,112628
57702,61589,113435,156628
17003,63832,66715,89595
57617,47210,63607,120436
3517,77869,42935,147881
55750,13802,124166,86656
63499,39919,70171,71164
24876,6803,78493,100988
69998,11861,157007,89001
22656,674,68463,53346
80446,42966,92707,57870
80469,97571,175271,169278
28342,6146,60495,73369
65339,26049,77776,106089
96493,46286,170204,63748
47468,92837,49083,107003
53571,16458,76658,68458
29393,37757,82024,49227
5398,79037,74983,164455
32341,39332,108413,52962
85273,32622,153534,85872
80622,43486,81763,48371
30786,78877,106226,172951
3492,30401,67692,90100
32218,23194,63019,56689
3626,75414,101814,143727
70380,59353,94372,59476
19878,57619,52154,58194
65591,56564,70075,143121
51944,1929,122039,81769
45288,3572,110491,37582
90406,32732,190277,110899
60934,71748,64511,76900
9396,73824,99662,97671
48755,7859,75584,83798
3422,41512,76722,132487
61074,13513,96342,106797
11838,49594,53904,52055
92038,92734,144095,137663
54850,73255,93562,169718
95912,18381,149922,44569
90006,74024,101424,144613
28667,90405,77795,149980
78590,77731,89820,142804
68061,44347,125735,126609
30542,53384,81065,146427
73044,88558,150535,117195
80289,37925,141908,42552
14486,78398,81571,116061
16529,84874,51795,96743
79238,78540,111344,135175
20964,98544,32107,171518
63255,13728,78672,34868
18039,15982,25602,71320
76290,80337,99187,113924
34967,74556,118841,171721
85800,88343,130673,115678
73599,44644,164134,63033
36670,25809,39660,101454
53596,9818,71079,10956
29868,41723,66074,82252
16191,12605,97154,13875
99919,10250,184752,92981
85882,29078,133669,101843
74680,23340,102043,33805
19109,84974,25557,156134
77588,24582,86100,33920
13991,5382,32317,29950
78077,55056,175999,130065
98822,66086,102472,122924
16975,13305,47629,39796
16324,91478,103976,132799
49013,74642,97880,144847
47118,63789,76410,106561
68961,39768,85467,108009
54498,90192,146775,121175
32623,13344,47015,20214
13858,14275,89153,102469
50446,50120,57878,59214
82661,63664,147604,88276
22894,49181,108072,126291
67335,56165,100128,60610
34444,88383,92721,159056
50098,21441,97593,68865
23791,1116,98532,49949
49672,10311,77299,86985
89195,22743,104062,49838
9248,91808,16197,111243
84507,61061,147728,142970
89933,43182,165180,57831
7398,98202,47169,183094
34173,57386,54678,71182
83246,21976,142893,115513
21450,91673,113218,159268
59049,18852,66037,84140
95876,47152,97476,130075
63284,84278,132774,176122
41850,20953,108688,82289
21904,87021,84446,107955
19156,6765,68528,80455
63950,59428,130030,85995
49997,82050,111553,163239
3543,72509,75438,102161
91091,41500,143241,42615
41068,68343,99376,112364
37433,47447,119611,93845
80525,46002,161203,111167
50120,22823,68009,89065
45200,66332,132616,165786
97430,197,189245,31438
58469,41650,94475,45935
1476,25279,57161,39005
98466,25212,110135,112788
52300,91795,83666,140351
68102,12899,121776,94557
86664,86820,123308,141798
51411,76562,60709,121998
21950,53880,93293,124081
2987,7506,74127,19370
38813,73381,110128,164774
30462,82357,83932,152680
95167,70834,136521,115500
18580,7097,27324,103166
458,98490,90091,126144
43032,2285,105151,95748
40587,85802,118833,158712
25076,6580,42688,12535
70328,19792,92228,26598
10128,96788,75653,156604
36633,4031,46785,61049
11584,17187,72138,73629
89725,30007,102041,45443
92466,68504,106646,75849
59289,35748,157793,43923
16812,30186,43496,85968
38647,16525,100072,89485
94446,4708,170041,6139
46100,63525,97909,125560
46964,43964,109787,78301
73114,71252,138537,131126
55614,22445,95711,57835
94009,54410,105136,64008
19776,16046,87980,22670
12425,75476,74366,77942
22522,33852,56215,73581
20014,91529,24732,157901
29391,4682,95846,50805
4619,83968,34687,122294
90900,33320,136762,127530
46012,76558,110742,137109
27992,74829,62945,147015
30611,22838,126902,106964
53173,19719,59926,91020
62428,95582,107836,163990
15490,15486,48586,94237
98246,77380,109389,148747
25534,61114,37685,102347
34774,38846,42805,65820
15230,24386,77901,35139
18821,48770,85791,98585
3968,13471,72537,15980
6880,38407,100139,105403
76665,78544,95057,154618
87119,13325,118557,69969
95288,30576,174099,83081
42853,45263,54401,83134
45277,77586,143482,113217
23760,66985,63022,131702
1445,51946,99948,147858
38284,38619,108110,40068
9615,16903,41794,24218
84991,52489,137469,115628
9851,48030,104702,147552
19176,76387,86730,90084
97935,90912,124454,175103
34181,70738,117977,85415
45834,64521,136649,149573
57679,88829,153935,140061
56925,9048,142697,64784
47485,81327,125994,133553
76522,19441,100500,83443
55814,77398,136259,159252
99828,50774,187266,60213
33586,50645,114476,80557
93215,16358,156371,75938
81484,72637,171764,105717
58603,63103,156072,115133
91570,53222,152207,150633
92226,72793,109779,88520
57206,86453,61930,145993
2652,81219,97944,164194
41364,24376,83093,105514
71659,77518,127151,129000
52100,89521,109805,159215
31159,53090,110165,85435
85939,2233,139181,40790
54315,55879,119513,102377
72274,15827,136715,101398
68783,26130,140703,85687
27967,96625,44388,134969
65193,43940,87373,77771
37545,64645,71684,159824
56474,38612,155912,47638
958,17765,83118,90070
49513,13618,100478,94745
29137,17417,33815,113108
22343,89725,25928,188245
41885,18702,107211,79849
3619,84372,51023,140530
73796,25776,165570,32880
58027,80602,121110,167581
6281,69677,33021,83301
50738,64676,125102,153180
19844,16250,52508,84650
1388,38827,68170,110858
34798,76542,102243,121480
82097,45909,124517,101455
73123,8468,85061,24178
35105,29354,100864,127079
98702,18888,148247,31755
33950,13089,73821,57644
9434,96554,67168,164718
29332,88437,80822,177041
93505,778,115536,68553
75414,91372,121285,150548
28177,34851,94023,114952
54508,2393,129207,14500
11737,73244,61509,102546
72339,71839,129234,146710
71806,30932,91360,81664
49478,14614,123864,25678
7302,15008,44702,38268
51453,19342,145654,71232
46907,61222,64392,63945
33003,37961,70311,103787
70491,52731,118811,87938
32978,97655,37871,101087
89001,11839,134660,100672
71510,68852,89574,112848
5519,59058,98270,125920
91086,17684,179599,114903
85616,81180,86577,126239
29437,82451,122511,170320
42302,99351,117838,197790
60369,50113,115458,75914
2651,66913,45076,149700
52354,46107,128990,84535
65620,88848,113131,105437
54521,77853,129661,167745
61430,44195,79165,75262
14757,17520,60081,70185
4565,84274,84755,169579
1611,93593,60645,130094
25490,86221,99698,125515
74972,72585,168930,106888
91515,47083,191289,131157
29068,82188,97382,87176
55579,91863,70449,143486
51082,46096,90531,91470
36496,5397,65572,79765
47108,19980,146661,94361
68729,96476,106348,112519
78006,10150,176797,52799
32039,11117,50561,84035
49789,61591,116609,110963
68835,8183,134094,38497
56574,72513,142186,129705
25011,56760,85715,137134
51189,95401,122981,150685
1815,58094,18719,155669
92743,51592,164680,103401
34682,59149,109270,65210
122,35457,48582,71450
5285,81525,68904,145178
57355,15491,123097,90886
87026,64063,154302,121313
76660,61309,171125,144208
12225,18210,49203,44541
6962,89651,85108,143596
92468,3694,155812,58926
21805,42549,58726,136430
75727,40863,169755,62063
10670,8859,96429,57554
53121,9676,127462,47917
90920,46064,153768,110705
7338,76135,97156,119562
67299,85907,159498,112611
14971,12032,48354,42862
6387,71135,67632,72762
95869,81791,194967,173700
77691,13819,127137,75613
20972,66973,90699,70881
89069,70510,98249,153026
89472,48520,138237,67225
80913,12361,144367,87143
91277,32289,169711,45054
24069,51154,42014,88253
12543,78302,62979,131262
57643,35576,60369,128130
81178,14130,172652,26876
4659,23550,93061,91486
11099,14995,92891,30102
77689,67762,135366,149648
26146,77671,93718,145410
83903,35275,117823,52797
20730,143,64863,35711
66726,79457,109778,88933
36498,60178,43356,146846
22253,34181,45142,35088
37860,95330,98310,110582
90219,5243,127552,7481
54940,9955,128868,108789
12986,74316,56268,135261
91892,41216,131064,88279
71360,98988,104139,103621
1653,2579,5106,37413
59839,98631,129574,141455
26249,96422,28375,162983
49941,73507,59787,154775
74628,55680,160131,74561
34678,37726,91554,125183
79874,4589,167659,92996
71513,27595,104184,67293
20740,42182,42196,87695
4952,51532,60575,80648
18596,39992,89860,93577
96238,53333,151194,112275
4731,95786,18396,100468
10891,98743,90732,141020
4788,36115,15776,57664
34868,2550,129742,52766
12613,63848,13238,114145
55184,18347,140913,47772
67795,93777,125175,161631
68078,89255,137354,120230
38808,30142,65286,98343
28047,58908,56793,83069
24581,82970,93347,124932
29273,29482,58837,54392
91859,93681,112970,110814
75805,44970,90898,132923
71272,1054,81956,20529
76488,77496,137004,95633
10192,60809,64425,156497
57011,27775,59743,54809
42450,68969,44052,123348
82029,19512,162741,75518
31167,9860,117031,80115
67843,19675,71925,49190
88456,43821,114768,104536
94236,86198,142818,174993
29972,1333,92222,35831
18170,84958,109579,121991
71563,24530,123803,32152
52039,66666,115832,108016
14253,61456,77749,110239
5892,94128,32223,171290
53073,21044,58552,118817
20120,76301,37448,138051
74694,85378,101578,164949
69311,403,74805,9052
93340,47771,95444,142681
26208,37371,64278,119977
40054,26902,136094,113376
54013,28090,88190,82663
25760,20054,52446,63474
59696,60060,72741,135430
64950,7529,141560,97699
29751,47567,46835,56886
42846,7427,138726,77604
99123,90668,192953,162352
53452,73754,132692,103666
95284,35191,97587,125015
37589,53241,106671,81460
99131,30970,118204,116496
17315,37905,98837,92671
13970,42183,86512,115255
65281,34313,86502,132796
77130,66678,172154,147030
11361,85197,108706,106376
30186,43996,78639,81111
15685,3706,72306,92258
80403,9372,121902,29965
1832,28088,20309,120396
16286,5775,21032,89212
69198,23532,132114,88090
75728,89064,110165,128138
53688,29778,61598,92943
69662,6052,156257,67941
57316,51244,69994,97027
28397,71312,98591,99236
78046,44483,113972,71302
53631,5913,95391,84406
7762,7491,72148,88129
25347,42082,97789,106132
65558,79393,105206,172888
71404,5968,145243,71112
34531,93875,55132,110636
61913,46736,73903,61241
40622,66211,122315,158280
54280,32055,81210,114069
20050,89042,31950,162871
84394,38124,137737,114014
40832,23146,74344,63037
77817,76605,148502,135073
20286,29035,111333,40163
80620,68526,97060,110417
13899,42304,33074,123382
63632,6557,163190,31145
19481,67694,27807,148552
44990,57035,125555,145937
41113,47290,52899,90265
63358,35154,137693,97331
40967,81969,61938,141256
74448,37070,86601,44538
25108,75774,28095,103848
58028,48339,105207,49626
27670,12718,55536,83849
36824,60285,69921,107571
42676,32244,136253,90043
28589,59125,93907,123128
65652,69640,142785,108242
36455,10235,116290,34011
23794,34175,76493,63643
81483,46266,141457,57214
42765,73075,48830,101360
2472,23852,14614,99284
83504,55226,166830,136525
22346,78877,96369,148249
56451,56609,100704,71164
94227,8868,110146,89298
22413,46418,44059,81218
99081,99773,132598,155793
35304,45193,109179,101326
6432,88065,66232,158246
62676,8962,109460,76211
9973,39790,37659,87706
88366,58744,148636,123767
22618,35794,104863,62970
96527,806,109275,59241
3796,85170,99844,98812
43800,31987,97881,87564
63738,83518,102090,114026
66606,55739,114824,104337
65472,65924,150214,155534
74164,60798,122072,106746
30249,84845,39123,87592
27692,30441,89993,85772
91159,21444,119063,34866
58627,8984,83157,85224
54897,91584,63212,97270
6347,79404,19370,143478
28466,96849,41828,116225
94365,14320,142753,19741
54164,60519,70896,137118
97940,87271,178534,112818
40597,95629,104860,108144
40693,27650,80250,87014
22494,18963,104693,40627
94707,48302,150656,95173
64854,8928,138813,75310
64920,4878,92304,28820
17843,87619,19272,127212
56258,38602,127943,63989
71446,35536,72335,103484
95604,24640,163512,94338
39247,73009,127257,156496
80919,20671,81082,57190
39572,70195,43075,78512
68858,48050,123493,87508
4169,35277,49923,35478
86528,34406,155398,106688
28738,34511,82969,63374
64818,28237,116214,86373
33533,67000,133531,96473
87652,47918,96836,94907
1114,59311,22082,104193
31807,34241,97411,48596
63407,443,154573,57508
69564,32205,96491,49191
16522,85173,60988,176255
44033,64730,125886,84701
35739,56363,113523,133552
74153,90220,164338,115265
17723,29697,32211,70406
82350,95556,149512,134185
91304,13878,113712,95343
22447,17983,64698,58045
42677,27923,46422,78854
14038,56891,40954,141058
8103,79471,99632,139419
78981,92685,117173,141924
96185,53446,118189,72086
59644,39762,70123,77478
87355,11715,168840,17262
37174,28746,44091,31178
7509,47432,106105,140642
86937,35339,184263,117020
40278,89642,87886,124658
79475,99240,135997,198883
85759,54046,184529,104128
79963,17963,141142,25078
80846,60118,133886,82084
89929,5552,92385,46707
16356,40570,32337,75217
19350,59462,46995,149861
6252,42867,43307,93241
53309,75928,131276,108896
63806,60338,151738,103620
29989,52034,30089,132504
9955,31103,41111,44384
45159,55598,142182,74148
18560,38195,83416,119193
39544,82593,131819,87462
61028,1747,145671,99313
99431,61994,190735,151628
57340,54780,92599,151314
17900,83931,50025,91428
53367,89071,79782,100343
98036,19337,121879,110746
55929,53984,86413,149409
86120,82584,162437,95480
48636,76628,127764,138779
57049,42149,81454,80886
27176,7552,50843,38802
88084,24438,165446,54859
81185,49196,135525,121799
92152,21008,120496,74836
91427,72608,140126,120135
86509,18283,145091,86754
32768,63989,41353,114444
30988,56694,65969,92343
74552,45097,137654,85754
37003,22714,77370,37181
37069,86942,76938,168852
1609,43305,50969,72382
46185,85359,55211,145658
34100,66783,68875,111201
95537,23119,100999,106655
66297,22023,163055,59787
19969,50192,75388,77523
90792,5534,92182,67670
72789,41016,87367,108140
19584,52998,109678,139743
2986,657,39177,80581
29766,79265,55868,146334
71358,75279,133172,76908
55590,30959,129507,85856
75319,24732,116306,80092
96215,5512,118834,76899
7119,54148,93330,56166
43197,74794,50828,110527
44140,94617,132101,116835
12217,24254,38736,27829
23942,11938,95829,102865
87064,79604,134075,89233
47395,27319,74781,84101
84202,8112,93769,14110
30854,95892,104668,189897
31302,81587,44548,131885
75187,8444,169290,47542
9195,67760,10799,74096
35814,39966,58713,44498
19414,1394,82827,30621
65201,39214,135179,43823
76163,90337,160678,105614
48330,24917,77185,67906
12795,28119,102405,57070
15528,30818,34266,66519
20828,76339,59139,93356
14995,70746,77554,158323
16095,19474,92594,29075
825,94350,3538,171902
18394,76911,64516,123027
52422,10809,65512,58929
84724,2225,148999,44504
23326,80454,85211,117538
64779,2030,105759,11214
76751,58582,174490,154739
47005,15368,137225,59777
63463,7611,144699,58226
74200,49281,85506,138021
82456,58018,87579,156720
96465,41882,139079,71389
82481,41412,154512,115486
51722,79484,141601,84653
98940,91757,145442,132936
14598,20846,101355,69805
92461,39746,92573,61054
59812,75050,120791,172837
83765,63207,151241,111075
28092,7377,71390,10275
57011,18467,152453,91818
29384,93581,65347,122356
35760,12469,59843,71793
67082,29585,129815,70836
19360,81738,81048,96468
43926,3495,72103,45697
13403,36202,85777,61857
86954,63886,154787,64590
3459,20557,70991,41108
99050,69261,140850,118368
30070,44965,65795,105765
56883,94093,76583,193385
9378,35708,13230,76541
76535,41729,154294,68072
4712,13105,63350,74754
53071,87453,75934,100644
71066,58576,151363,121472
64956,5808,152314,68545
88561,2116,116136,28139
38727,29850,49632,103890
85970,19699,117474,54357
98789,56750,132997,86838
47120,58663,96460,87080
39516,96013,89949,96193
38515,66121,101183,76166
27005,21891,114493,115895
13959,61723,77124,67167
85377,24029,156157,27244
21740,75515,27415,124675
45252,95550,106942,180981
47385,50536,104800,73417
3411,14284,28047,40971
5911,73585,20040,135512
96890,44321,157731,57657
82954,41885,126716,44876
624,55181,45796,73618
40225,42878,129572,104005
46058,36735,105255,70032
89612,30479,188663,42896
62663,39792,108432,100794
89389,89024,151516,118024
55493,95557,144797,137485
48905,24761,137612,63490
78545,4558,95060,33917
36751,16912,98713,97573
95926,628,143677,65928
30383,37900,45445,106406
81410,67533,137653,108330
16343,38625,86323,42919
92297,65024,181246,131870
50984,45835,108400,50024
12924,39804,43599,77667
94805,28909,152493,52803
60521,21543,100555,85025
26957,48503,34976,116105
38991,18502,58269,56960
42849,58276,47672,61548
35838,40048,124051,67344
73710,2409,121010,86007
22726,61125,78448,130271
41479,53789,81899,54577
57616,62502,83284,88041
46300,47779,100583,62032
82730,80850,113527,92153
74574,25185,81904,65302
38029,59517,53805,94306
75801,6239,166335,75468
22014,8276,113246,60128
6143,80007,70834,142613
54387,55107,112764,93525
65437,50965,117972,99722
30042,80599,54794,160259
30106,84806,110077,179159
68239,13488,125501,101711
6764,67652,59842,165122
39302,64216,103147,105335
90766,29817,114671,115891
15843,17949,101298,67180
79523,43168,167513,118764
56580,69562,62404,107386
90795,75368,151974,161352
65015,62071,109928,140637
40975,15301,105545,51047
69679,35027,167598,111293
56309,20015,123040,97891
66374,67491,145889,128129
37038,48421,124552,123910
14104,88818,29375,156222
61961,20322,124609,119825
82232,62336,109120,83139
42176,33119,84568,120745
90502,96523,109663,136904
19825,63647,23505,156472
95615,59705,193842,120968
90940,75894,132282,83503
52517,85238,65450,124487
44638,4328,134765,58155
68366,76479,79070,140067
74126,20940,122505,87533
41821,46546,50774,111792
88539,31346,161543,32163
72836,13314,155574,83487
42900,26458,78018,63174
78376,19946,114250,31293
34359,98010,40610,184754
12899,97085,33696,106540
28641,37285,90282,101861
84599,63775,156175,131711
569,3216,63871,20641
75903,8802,158941,32717
84016,85258,124312,140364
29504,10724,62819,110476
39724,65663,91208,120754
96927,56809,101763,104383
28264,55842,68289,119526
50088,38584,103242,58811
81804,58889,97324,106847
61632,90206,83122,156442
41200,58177,53458,98621
59416,84430,111176,124738
48887,59875,88530,121177
78242,57696,97920,126140
75805,54057,152432,152835
53697,56080,68205,103328
91557,78648,154787,122537
39846,90757,56780,129553
59717,57320,147282,75749
52931,23785,64590,87946
38578,55405,71713,135990
72302,37006,117842,67092
29432,72286,79076,167508
3316,61787,19750,152942
60590,34511,144507,129024
46004,32693,62273,34245
53079,96682,109387,189808
58732,96092,64768,187981
63999,93184,124369,151219
86195,20337,106840,119844
17780,26772,84070,45232
43752,29078,137884,67797
84539,92157,100717,186086
3464,23877,93949,105797
51052,96441,147042,175217
2493,29638,81008,122172
58858,48291,155796,124018
7318,75289,9040,169875
72120,96213,162982,195253
39037,79662,54302,107059
75537,82907,144999,114579
45874,20750,94005,26952
31371,78879,108692,103489
29736,41114,124240,98506
9013,34572,46324,40979
3377,18638,23144,89721
52998,6041,69549,50422
78602,16319,97204,48016
11391,19908,105945,118606
61699,63226,110913,99313
97914,76934,137223,112345
98317,68813,184859,81824
50667,29441,51360,71387
43271,80295,102915,141272
24215,21454,45754,96006
98021,23519,103455,112646
71822,21918,127871,33248
40527,30954,68583,112012
47304,78547,108549,87148
50584,87515,97199,158391
56647,39984,107779,54522
43948,51237,91758,91392
81704,10547,123039,101397
9756,69215,59622,124831
9861,71890,38239,118299
68925,87986,119867,147628
34011,49813,125654,74166
78159,66638,109583,130843
36465,80407,58293,109321
34009,54673,101577,80854
58203,35358,79210,114562
65362,10222,161054,83486
77295,46262,87329,102686
87720,17217,184338,59239
71318,56435,156740,86808
62662,73988,138238,119675
45555,9853,116656,28351
3301,20339,77687,58022
60046,41695,93173,138712
18983,33488,74869,107850
17778,98084,97505,181482
51037,11604,61654,83487
43341,53129,55140,57185
92676,38627,170163,91524
8646,14250,91967,89322
88904,81924,140746,103131
67987,22004,71557,86636
40740,64677,131903,107509
16336,57008,37539,85550
32512,39260,119247,83181
89117,36446,153587,75791
12874,89079,39033,121266
50544,69002,72032,166704
7394,64920,43267,69445
36295,77106,121063,174081
86313,41329,107323,123256
96804,62161,118567,117225
80943,29884,156163,67183
78722,61072,141127,155688
27950,64351,78182,82235
76892,19594,123639,45427
19884,54852,33080,75119
68825,46523,139517,111849
86930,60275,180728,140135
2848,70790,9822,112123
21688,9014,92263,91379
82291,502,139411,78684
61179,80737,120066,145617
91155,80751,97747,131162
88161,55028,133888,141800
70240,39711,117963,61869
87002,65762,121531,95726
50206,31782,148095,51355
69771,42133,96095,58361
52557,68984,80162,136603
19577,1236,105922,12460
43736,71508,89452,93165
97261,53903,194372,98282
68727,29248,159881,87230
50145,22332,138716,54607
2079,52695,54560,84851
35469,23856,51361,70125
45617,10694,111604,19734
35641,97425,36228,181788
69046,74616,145601,169863
33803,41339,113604,67976
49403,33663,115806,34712
72621,84581,132464,105495
78071,84820,84432,118744
48689,12492,137049,48622
76902,130,82845,72535
18759,55095,63340,102051
27766,76294,101775,144647
35015,3313,126606,82947
68863,30981,146002,66166
62137,67963,106957,115583
69269,46442,153047,92789
13347,17124,101242,36438
86119,63468,144580,94355
76962,62180,105894,92285
603,94794,25525,179021
28304,29099,34161,42011
76745,5215,87877,93392
72361,57866,82273,66671
95048,94501,138451,179866
76233,94593,175206,144597
63972,2431,136332,39663
16501,55360,100938,67553
17772,54151,57980,60054
33657,25298,94139,86714
61714,13199,95448,58925
8172,20412,37240,74060
76544,5549,92100,67092
80460,89693,168944,132265
7392,71915,101699,98503
62085,65334,134135,160067
5521,96957,69923,147632
94683,50891,113105,99804
49251,24839,110033,106378
57249,10946,115490,68904
37633,31465,53199,110570
48728,63269,52341,128179
907,92842,15619,110642
62836,75288,96699,80929
3339,45540,98778,67413
55785,95360,137949,130669
73193,15613,134398,82184
96533,54540,192051,63160
65931,54276,151067,90392
99047,85205,181020,138081
30493,62615,93877,75203
50466,33977,52254,49305
94113,9049,117849,81516
21956,52582,107093,88700
44346,71151,56542,94828
94895,24606,102467,120568
50978,82921,117435,96218
8951,3842,58140,58548
89127,13923,101500,105264
77239,37877,114702,91189
99261,83005,134111,177358
68643,55146,123938,65499
73998,70851,140105,110096
64232,61620,70691,153316
59256,14533,99865,93574
49896,5594,98575,97630
20754,61362,32306,72069
37077,25586,93544,26276
47704,2710,65071,29806
4431,81924,10145,96753
48679,96230,87774,175521
81475,25411,134821,116938
61953,99268,122349,166677
37035,51393,122666,125036
39674,41095,61216,124555
10972,50141,109203,149739
87619,90618,127203,162468
38645,80545,134505,98469
73579,75082,134900,129316
39469,54203,79559,145075
87368,60104,93723,143970
28882,6597,128383,41266
93781,51609,123978,131269
96529,95808,138506,100260
44484,77828,133037,156020
79016,89039,168655,155676
28022,65648,88402,67189
86977,11345,159634,32658
4069,51856,78178,139856
52644,57055,113906,139042
73082,29605,164539,127104
20959,38926,24009,74888
91705,15548,183576,70152
49879,42578,72766,97346
65959,50474,73087,134665
58233,47967,87580,145819
42869,33267,64266,58166
75400,25626,89145,84162
66070,62198,68699,132235
77132,19406,101202,109019
61227,59879,143347,129734
15031,91370,72265,129130
81648,86376,120712,184100
1900,62924,40852,127964
32830,68391,95694,117394
41411,74359,89580,101952
65482,60749,157069,88911
9858,50636,42975,129228
50500,73840,104593,138319
40341,3100,52683,83432
72699,48100,117091,83837
84583,54560,127770,102584
5226,32857,82938,96906
73355,8127,122183,29463
85352,27605,122569,54629
88990,95672,147761,107286
54387,77521,77523,133520
11453,1739,32255,79795
80689,54325,179670,130110
74330,24156,165583,41374
94217,29777,169714,43256
44532,59022,88295,97781
29189,39609,87581,41900
76135,49949,131197,59694
93523,24017,97366,45976
40417,82811,55328,147394
70135,46300,119495,116706
23813,34211,29358,120625
36592,51557,135811,134362
37305,66843,42584,96831
91861,9108,185987,40278
96713,69658,160205,164095
96175,13441,115654,30201
98861,15294,192511,73788
22896,73140,31807,172119
12128,25172,41185,45731
39326,39474,138930,90708
622,34606,9421,82585
22406,64411,48618,125660
66816,23402,154361,97255
93031,62855,98249,85544
75144,68255,93087,98675
70229,90508,100255,106926
18198,59107,25161,152458
12724,49038,34140,126814
92001,28417,137033,50261
29653,85992,35730,173250
71400,80429,79451,82353
78165,74931,120730,125138
13301,10512,90268,30048
39542,57994,114251,95517
72069,440,81055,10257
34408,10930,61520,63542
99511,49180,111762,89999
14682,62080,27671,139455
29735,66517,59856,149616
11376,98320,41855,187476
72087,12465,129045,46465
14189,5331,79398,31485
99859,38738,190507,80667
84124,97502,102587,139599
27971,69201,55061,154957
39356,70196,135388,116235
19670,86481,59122,168156
38828,46224,54617,126773
5809,34906,104748,133925
12006,21130,27759,97027
73561,15801,125929,86168
75076,80078,163577,123880
45284,5638,105353,72563
48435,44099,89541,121893
86132,65816,183130,111101
72008,42908,136251,113740
27554,18624,44358,55231
58908,25255,115856,90597
52237,73628,87805,145514
64511,82024,148311,112658
48622,84023,81426,177824
36259,92127,94967,169998
94334,69954,154499,124770
24638,92951,89281,99008
57529,60192,101510,75389
37182,49918,63100,95970
54752,9494,85538,53994
34170,31178,116518,90460
82921,97456,161089,134391
65037,61295,87426,138020
15469,84844,107138,128372
25016,6376,101584,71774
46646,39734,106163,122904
68473,68922,119942,100839
63094,67136,120549,130014
18825,3958,45197,12582
46988,86534,99352,90863
60299,24775,108276,69026
98885,81564,99787,158768
37062,60090,134628,113335
9378,21972,48938,33109
48741,87185,117708,145653
38103,6229,99923,88116
27566,96002,74319,106887
18893,37073,88129,115684
84400,39989,102368,68434
47688,62093,73230,129854
64414,46162,149341,132939
70020,40260,147836,47293
79913,9130,83470,75630
52417,22285,97490,79579
18491,64811,28456,143052
7569,72470,37551,156071
3440,93769,88737,124381
63298,79611,109544,175419
77816,60829,174328,95967
94061,92775,193374,108655
86814,51534,167914,69817
62223,99626,71220,126568
64683,62107,66866,152195
9754,61473,55333,142183
49998,32028,62980,120187
12205,8528,52891,25424
3116,61126,58160,143123
23472,91490,49289,97520
74370,13630,160603,89919
77986,72704,128230,74350
13982,13832,19981,40253
71138,94606,145965,186722
21487,60938,90486,111493
68552,42186,143434,96855
35965,76874,47270,113294
82445,44454,91280,139158
2104,46564,85557,132692
18970,63399,28623,134812
60610,54124,123559,106538
19502,58101,116599,134871
55774,77612,151955,113882
28227,69285,95263,69786
12030,71591,108049,147642
64895,72533,127880,115323
84198,83942,107236,102940
50299,41333,117066,121183
91034,5977,122584,76431
61406,7862,76952,47384
70902,3579,170218,76640
36140,30645,84470,67173
56010,22150,95721,70030
73523,30762,119275,130735
30307,83101,96404,151338
10777,6581,98717,30770
66815,28091,134921,85272
19189,91538,97219,144042
42701,81950,118007,84686
41480,6125,69482,49489
66558,71154,150394,108680
73321,97681,137031,136343
24373,94186,58409,128173
92955,95780,144087,176235
95314,18334,142104,63784
97697,88367,127817,184333
57644,78045,106035,106937
1957,40569,40401,81357
21350,17975,103806,88236
22299,23392,52800,82971
17035,56519,18947,97219
46510,74728,57847,77000
12547,99593,28962,179520
1600,30260,91060,45571
72231,60955,114127,104375
32775,97380,47723,160934
63417,90798,113398,177300
76664,60422,106108,159703
27927,48030,70230,59099
59637,46938,120369,82540
18414,60362,35592,110112
89207,47327,108966,85164
47632,52957,55400,135041
16953,96415,57599,161993
3111,18900,102400,21099
25416,72386,97504,115005
42153,40675,102871,48707
2641,16130,16582,55256
90947,9157,111392,14036
93207,79501,171041,128893
87622,36776,95176,120652
95797,75738,149256,107530
41559,11014,49460,68350
62891,4042,142924,85728
94276,51253,136651,123949
15359,18114,63543,24987
52632,25998,76990,101057
32411,12223,54136,101080
28626,6767,37911,68401
11221,98205,74112,164859
86541,80514,163137,111559
93859,61608,156506,113010
7400,70586,16614,140069
54558,48718,141503,123906
76319,97382,84079,107316
79435,57045,178509,153494
31397,79780,72064,118765
76892,28454,140317,46683
9780,40154,105880,78100
15510,89244,100056,129477
10065,66337,39427,123128
36134,68856,121737,92750
29242,14395,34158,48593
35110,80497,70334,105154
92774,29967,130192,68273
61580,54209,147220,142025
10363,19886,34904,32359
70099,56932,156313,135041
11919,31978,56846,59985
24893,64957,42815,86360
46256,42822,99685,89877
44855,61717,111254,70578
17272,30953,103586,52644
30606,19706,83623,52979
59602,55451,140501,70253
92076,89084,165630,181273
43421,84547,75524,133009
23202,2676,65863,56743
43170,73250,141411,102241
16339,14587,57149,24988
26979,44196,121452,71954
76666,98415,159260,153028
15432,96821,92084,105125
72947,53184,137638,99398
37306,55486,93490,98058
5986,65341,24584,80031
92698,85245,113078,170088
84149,15688,129933,94350
55395,94384,123068,168097
54854,56083,94864,94421
92832,67079,164443,97498
74524,24658,171952,55412
86989,64847,119383,142543
2693,61595,28921,92888
66809,18613,125344,110847
15978,53417,64506,117502
58812,56642,115081,133479
89357,95671,187390,190123
12135,52980,61274,79023
50026,26300,73613,37464
49030,33521,66342,90539
11481,28565,90160,72225
91493,66222,95199,142047
86721,23735,147328,123457
22488,18344,84843,49269
63527,85070,117235,140532
67877,26150,160373,102106
85175,53082,177678,68637
43984,62507,143845,116081
48815,43878,107094,95604
28549,87356,54190,125370
14826,25420,107329,92881
36959,58012,102029,70344
77039,77232,154626,136439
44512,54029,110535,65825
97820,28340,115112,91921
32924,78383,78710,96120
55011,60650,103219,134717
44457,97747,79270,111655
35491,31103,85835,76369
52539,9794,134208,87780
62075,22005,116501,39419
54515,83707,81324,173947
10183,18392,88594,64709
53203,87201,69509,128445
44197,52304,66997,73088
54564,20128,100749,97198
63076,5226,71867,86608
36486,28805,129804,73334
85853,60838,98855,70466
2781,29592,30893,76336
99205,98241,184766,107341
30762,23451,50508,40680
97307,39283,192964,93359
89179,96717,121810,189960
95896,94862,127306,163996
79638,62351,144060,108011
41652,91001,74561,182449
44105,45110,57660,82791
62702,52764,149501,143402
49716,52395,92387,87037
88117,29510,148204,111791
37928,64428,128173,68320
35750,66203,116860,141058
14437,70029,110764,70885
89330,10591,187726,73634
26183,33437,112821,87493
96648,50013,158545,76006
79057,49877,102157,112411
24388,2462,62784,5394
98362,80931,142138,85925
7834,18603,39474,84669
28722,79356,44218,145196
12078,50823,44697,137393
54661,66570,102695,67685
55062,44805,76590,52651
85768,93274,143921,128619
73063,25231,161973,42533
36462,1050,99024,77866
84756,58991,180850,97798
77729,27782,95231,108749
71093,20037,137307,105400
25780,9385,57253,107195
28978,40792,65135,99510
32272,8423,89053,82238
73105,68634,171736,105570
29042,63575,36178,116916
54098,48775,93080,147240
48727,84310,86948,120022
20610,5003,119110,99303
74443,85544,164919,128208
69141,68140,99901,127554
17248,8521,104921,35750
39710,50268,122188,139325
61570,77744,94429,138329
93514,98188,152549,167954
79510,99172,85808,195739
28422,37484,75915,132219
98981,42204,116686,119828
48064,45909,89274,127674
2084,12619,9545,80860
83585,73416,139396,106922
25552,86409,111045,178057
2250,84806,87926,151318
8368,75079,96999,125861
14381,32219,45400,64546
54940,1243,144048,29270
4681,98111,48988,98922
21519,63884,40510,132498
54514,55972,78244,110735
29834,4064,107938,16448
17380,90202,20081,172819
73601,78135,74605,81142
29162,207,61651,44048
91385,90100,137687,176684
98001,7603,116970,30490
39871,80455,65444,94355
12878,54157,72216,131994
65073,41935,107285,45074
26055,8267,50369,85953
83242,23328,164491,64520
60496,75079,63667,160293
60135,17956,114507,36587
51607,92714,68040,120638
90272,17579,142878,108563
86243,97522,112611,176318
91841,58248,92372,102738
94623,82431,171387,112284
89158,86302,106239,139334
76579,74597,139447,102059
99422,74870,176049,171624
47619,72904,76756,120802
5085,77527,71832,133782
78403,90556,132362,174898
56273,6768,121065,92797
31606,90536,47667,184261
16531,72725,85449,126617
61155,64413,74844,146630
17851,43691,62951,83555
91204,59149,173057,87932
59871,54928,78164,122649
76072,68450,83445,100016
86798,62266,130915,152971
52585,94643,122832,104501
20583,45014,104920,129061
57799,35365,147882,129551
80037,87074,138754,158384
77796,26262,135636,108133
76556,69241,169722,134928
34697,68727,71343,75028
98970,54198,177366,92101
95735,77989,184758,119202
79137,88587,128285,165560
6829,1270,46211,79226
12266,30622,68405,75694
79911,18905,170816,70229
30188,94742,34785,156167
97211,35517,138989,95153
82241,67791,171954,112985
26628,28236,121163,106842
61151,61135,89413,120475
84309,81551,89159,104594
880,78071,70569,133269
93024,10879,186453,109227
8395,15649,71213,98871
72675,64146,77370,88770
76073,86031,162792,96186
48364,79533,107154,85550
8697,88273,10201,99881
61854,71531,126915,116049
73064,32250,158160,101707
62872,6851,157269,48510
73265,12614,113172,28931
61002,73130,114611,73769
7362,84720,93479,112256
65845,41280,158350,92077
28857,10893,58602,73953
65470,88672,156586,137226
76866,57038,139560,155514
67416,40260,105933,115653
92916,56177,159042,123972
41868,72081,75680,171726
35372,78606,102633,132885
92605,62044,126336,108269
83758,80998,92992,128015
33560,37181,43635,51419
50933,12603,113423,61789
40528,36237,100361,93412
89900,90909,97234,133913
57770,54853,132604,65434
50148,66671,104443,144165
89942,42921,168799,111840
99406,79904,158101,92667
50425,79529,138481,126923
9884,54728,67600,83914
84610,91374,154208,136757
42304,21262,43633,109818
76977,20174,144468,73375
73443,98650,172216,154107
75182,71042,80982,139023
45135,60815,59558,119381
39417,69323,127282,120170
70741,78701,143863,103659
12688,8650,45752,13811
18535,67563,55149,144205
48211,14117,66621,106366
19165,50555,64735,126093
597,16066,89903,40761
18044,28659,112748,59034
67793,87437,160059,145143
77243,65721,96806,92031
33856,65925,64466,84966
24140,22067,46320,114429
10501,93844,19488,144278
9235,55893,39765,119885
35993,91873,78039,169816
78723,7451,161028,30606
98095,23271,158745,111865
70262,9620,168171,100279
87150,51007,159834,110300
51351,93775,76985,187750
71691,56451,163778,92378
66744,87497,102855,172283
52700,48548,72568,61485
53958,13536,55449,98067
62999,5109,98682,72115
59269,3209,127566,83695
63745,17323,152695,59521
91814,5330,162923,21953
72840,19039,100909,75350
1930,40184,63223,71419
49687,44312,109909,111095
29428,42193,118955,46946
51602,94273,52149,136390
86184,69038,125047,128068
84695,4770,184356,57543
28545,51904,69457,90231
10776,91651,26072,155681
19783,41896,53282,87679
56856,37916,96447,48070
97724,79509,182184,143413
99749,43704,155995,44028
67958,94779,111484,115101
43405,1880,119975,9987
18253,91038,88884,182702
2157,40671,13869,99381
7158,79321,92403,114562
28822,84984,82782,129125
4074,67129,69082,164242
97621,7489,185347,86221
72856,17292,166460,98817
27204,19397,122764,83359
39598,58159,105361,113566
62408,65329,69908,135716
26763,1329,88247,82530
52616,59699,135957,100472
21471,29755,42018,60944
55652,74141,127782,116711
89103,71553,119226,146229
96755,50160,155403,103042
46671,1904,55317,39106
98572,40504,180991,105361
60883,52190,112694,111701
86929,55614,106208,63436
99210,89539,180995,140417
34975,85048,83272,155941
71340,39301,123612,81704
9514,99526,53353,151597
95014,5119,164395,30603
78249,11673,115176,64660
9760,99541,65305,167735
72062,58904,80503,69467
93737,29780,104935,64649
50101,92545,132873,190432
60977,36421,133385,98785
82226,44301,127512,108890
72106,43397,83707,48937
24300,45346,79180,50542
33338,17770,99080,39111
55345,65101,91912,70646
28758,72763,67144,167137
31863,54203,79938,122748
63966,25689,152168,54160
85293,47004,156337,97909
26,58978,46802,141360
54237,68526,147240,113933
60832,64574,144165,129446
42115,80814,57865,163217
88562,85097,97925,151379
39744,46408,132998,74030
88961,52161,157997,129807
59404,91664,72208,166863
56968,27826,142537,70249
3531,33656,71263,70069
22869,86316,34806,100283
28282,58651,118238,133992
26760,68692,120728,103504
88322,79209,146554,144292
10746,51573,38713,133854
85861,9382,152887,80594
72934,51444,104582,71331
8673,91365,75036,109713
36850,79983,59802,179142
86117,15424,170795,33435
16960,66882,59316,111203
29240,8731,38303,74906
72852,13995,156118,39724
94588,11453,132287,15380
96097,6669,134472,46003
13413,54891,93130,102788
87413,37908,141444,96365
97765,67858,111499,125190
69901,48876,138961,114544
72439,24604,83984,110470
50453,729,118519,9696
93141,96526,135462,181150
96905,48123,125310,117710
64187,57729,98352,79044
504,64170,38027,82241
56917,53229,156760,62190
3682,40022,5899,120746
6217,92477,74156,164081
8990,83993,50552,120302
78367,5375,108114,62392
68311,36121,77623,128336
55450,56863,130547,98015
72162,39197,96537,113593
49699,90006,91268,148084
9373,7600,83199,27835
77317,14150,111616,46843
54689,66282,118740,87352
9240,68570,26941,97624
40637,26549,106568,80200
40592,85181,84369,101018
1340,4329,65012,22873
79842,65697,109277,156163
38376,18347,93935,106450
91578,30408,180090,74745
16522,62221,82519,67398
59966,92962,136353,95459
24208,51053,96849,116727
78046,15742,128895,61743
73195,43114,84011,61652
25317,28413,93880,120594
32138,91782,108784,123117
3450,1100,55772,87521
30661,65136,56276,155462
27780,3674,28539,83395
80362,43058,134344,124186
92287,45240,169192,144422
63887,3759,114112,40372
92384,49326,157017,130457
62841,65586,143743,140220
9950,42831,63115,72163
6892,63925,40595,125925
78219,24996,95009,25939
77892,83318,111111,119366
64035,64657,78349,91385
74078,31791,76249,80195
36744,83792,119847,135749
69142,13099,151703,69192
51010,16104,93303,101419
46926,78793,102285,166595
63401,63082,66274,140183
92663,38256,111302,44628
31506,71645,76286,109383
40967,74067,90998,129886
84007,25663,176295,59791
53648,53232,98915,63541
74214,83631,109920,115950
5852,58320,64291,101372
3207,42744,36043,86329
89055,41636,185334,65613
72449,53784,152007,109684
65782,36678,134550,62300
27136,5272,111252,49814
53675,62179,68138,114795
56797,6610,145700,7812
52859,69140,100442,115090
20138,53601,99662,115088
16691,39811,49549,98213
6646,16706,54939,19626
85204,98746,87529,108499
55997,17678,150604,111230
59406,54181,71199,148892
54592,7853,92328,34725
92723,21587,163587,61202
91527,26537,190567,79667
68717,99934,98033,152210
79230,91119,154568,175991
91794,58468,174615,145545
95282,64535,186423,128586
16456,73998,18774,120767
53963,96601,131173,108034
25990,15139,105115,19629
38630,44151,73950,77933
79259,80023,97281,83195
46464,83969,135646,85469
20695,65293,46145,130532
68016,40992,74897,88822
57063,47189,76874,145228
8595,64840,71514,114206
86234,62920,178076,105989
2742,98193,7404,118071
83510,32314,115559,110727
31983,93848,73870,183957
71214,51640,162745,130779
57983,83051,139623,88563
52686,71475,97400,82881
5233,19181,35305,50061
86794,44548,143087,126915
20626,55915,21394,89879
15064,43769,58796,54254
91048,30502,151422,52337
28540,60838,119320,99058
21407,82061,102944,171082
71414,40292,164779,94151
34571,68506,120646,84547
96085,71036,100821,126901
17724,95279,104274,102933
67052,67645,96726,96904
41955,15376,87845,20299
93822,33292,110547,71653
61924,18781,101672,27527
99506,8453,185361,11121
99226,36336,116439,67061
36693,27878,51951,36809
74700,41753,156406,101295
27661,77689,119004,126092
77300,93098,91412,116894
85315,38763,173947,99436
95265,1517,124546,69144
26543,92565,73753,100674
29954,51843,103185,104689
36979,96721,105930,100174
6458,18288,99460,67867
89517,19272,184231,109588
31957,66056,83367,89437
98367,86031,122723,181677
79188,48999,116607,86900
47103,75831,124421,145829
7013,74255,17273,87579
69709,39769,159559,105403
72240,68519,164244,93810
94757,25683,187287,61071
48693,70157,131469,88965
74828,63474,94963,128195
39314,74908,93925,78044
33329,75579,101641,121691
92921,43946,152040,72145
74527,87308,117526,139082
16347,67182,115310,120347
86470,85025,90189,178549
18505,3990,57202,101544
88927,5892,126194,42579
85981,33160,161791,119790
53093,48835,137375,112864
28310,72275,36991,150449
41999,96840,97555,156912
67503,75862,106758,153132
70484,1679,113554,10453
39605,46037,90606,134293
13373,48743,50404,144301
71382,70354,141530,124879
66823,213,143741,26236
2146,47356,83589,99012
1231,74667,65932,161774
14137,46787,103702,98151
36263,32131,86377,34708
46269,15053,77720,72165
32668,22134,98683,37923
64589,6152,114888,105449
19934,74117,51296,129087
89734,28962,181996,73840
53701,66487,141333,126822
48502,6110,138493,36435
76692,8523,109041,95503
95978,37886,105256,72165
40279,84962,85181,114257
45068,55403,97369,59766
86582,33023,98381,71636
59873,81787,95959,132637
18738,63230,100834,64171
76891,2219,164642,96575
12678,87650,90348,131127
97009,40771,147062,100827
88488,39694,184086,94549
64941,16189,73242,37966
79477,77285,135459,124789
22722,84259,111332,132300
19390,36176,59948,120765
21503,91059,120959,151958
21436,8142,85784,35532
94780,70943,151382,166036
60142,70793,131623,119466
86047,57094,118408,79838
85668,23968,164545,94305
48770,7816,56090,43009
20092,15122,41268,72668
73564,48010,152056,114998
6417,10634,57859,48294
46809,66185,53366,161266
22036,69669,88197,153346
96196,5633,158891,47972
67754,2276,132032,31829
89180,56003,119455,151588
59608,22745,73894,72416
65260,63692,150530,102846
26842,55073,44622,103628
28312,46763,89177,131156
80476,76565,123701,150145
12067,35280,99891,40450
17647,25672,27057,69644
92138,15539,104695,115225
23717,63895,78263,146493
92229,12653,97405,76702
98312,12744,133477,18921
69376,39420,92702,90621
38306,18070,95389,87718
77390,14768,143748,101439
81006,37740,90856,117419
66075,49121,127509,52446
43005,14563,117302,81074
32702,80497,117225,166742
14746,33639,85978,89876
73784,12324,84183,97317
89511,2749,132476,23340
53394,76983,93999,134210
59967,33351,157442,103382
93908,97644,146336,130241
59907,99827,110584,141534
12836,65898,80356,122867
5651,44790,55067,56214
69416,58221,166729,99608
2132,69803,23942,133909
68109,78510,122837,151733
4354,5211,95414,37171
29958,19578,113283,108912
74870,45192,139990,66312
26107,82256,54194,163472
47455,41560,72926,96067
35944,81712,93927,178915
31930,82258,89163,82258
14970,41878,17558,93030
96476,359,162681,12983
8121,68699,49128,104022
31119,82930,39849,132652
53129,44596,151579,46327
70359,72069,162767,155882
98409,60882,131347,72473
1281,61460,3945,78592
76093,30806,163455,61204
26729,56196,111798,145632
93136,78088,142759,124738
83777,7849,183290,48917
47824,26070,139601,30501
90931,24694,149090,35470
14780,4090,112706,101113
24435,41513,98993,59958
30827,467,110977,45219
67420,40791,122050,75934
81617,79162,102956,135639
88629,30802,98276,126741
97733,58137,125826,143131
84156,86011,87075,174990
18229,41521,19488,117624
3910,75639,88749,76251
5219,28429,63318,113814
4090,43266,38001,87721
1006,31356,34465,65892
2153,122,32940,10078
54234,33941,86702,130517
90252,59487,168197,125505
56381,89199,109000,157794
8672,21382,81721,39910
58290,94502,157070,142005
1136,20288,16583,95813
14633,58597,46040,113830
43168,38784,112157,67035
87248,81884,132663,112233
6357,80698,30407,121054
30220,75161,62093,98432
63498,90842,128120,131068
98533,4249,191237,82322
22981,22720,31735,101370
77438,82271,127232,112010
96989,5114,107470,46260
64977,53907,133895,116481
245,53873,37270,111657
57,8945,91605,51687
4334,34756,20989,98366
78302,44309,130996,133699
83722,21880,108128,30800
67765,39319,132167,49560
86106,20776,147613,31123
47131,53601,103226,72092
27553,43283,105340,58235
89005,83935,103971,147935
1799,43718,79349,67397
62311,30843,121347,97080
64467,39215,73107,78764
52450,51950,53881,120577
40249,18962,72785,23299
98072,75579,112412,149643
19565,74231,65829,105611
65983,22861,114760,99440
10556,46659,16486,120408
42597,42651,79526,71026
78804,34430,164571,118327
96911,58849,163639,157668
74941,30582,91477,45527
7595,66371,21212,154195
40189,81982,117626,148607
21288,69042,69023,163919
64774,26738,140005,77038
51315,35405,78576,133429
95024,46624,130547,62009
51594,3840,118057,31781
74394,3386,123685,22978
29541,98958,87312,187748
81315,15702,175751,39824
22603,68492,65578,129134
26277,18873,40379,49199
92356,91151,95411,124980
54172,20885,92847,52777
19732,17374,41219,101466
3,55091,69632,151455
8912,9746,80091,31099
43586,28530,95519,45950
84576,93846,175014,134450
69967,46579,150645,141218
15644,62905,57551,134371
83027,13321,123401,42028
14897,12189,46664,53967
92602,73817,95330,84144
83806,59731,150448,83653
21748,49840,38800,52770
92387,13913,182363,59893
77990,13702,88295,51465
1394,41808,60969,55711
883,74645,75943,162898
36776,99616,126640,143979
22650,76988,38931,82775
4586,34560,29161,38273
95836,81450,164562,171085
70301,75364,125927,105311
88019,40885,99675,102936
70352,43774,110958,48527
81703,76275,174675,146619
23879,26467,108300,40684
85856,28103,135488,60368
53209,58367,99029,141912
90914,88600,140755,177930
68490,53388,112027,113050
43245,70749,79176,92905
35326,11829,126359,70680
53503,17091,93137,49264
31403,63135,54837,111038
98319,8805,128165,46350
53114,3321,86800,75882
74204,35793,97304,71707
1849,37715,22001,114534
69411,86924,143076,88986
78431,84263,131732,98685
84788,61751,178933,102517
60025,42983,75981,134772
73697,14490,85410,108406
90411,92007,178567,97304
66990,7595,144148,95825
42523,49752,113573,101938
75512,63141,130265,117832
20672,40942,116787,105366
22944,23953,55152,63744
32786,68955,83995,121022
53051,26166,132527,82416
3066,22425,42180,117899
48406,40590,86988,65685
98954,72914,193509,84853
2557,36032,15944,46874
50204,33571,52909,132431
95223,55476,128401,144890
16622,24790,46815,118183
14387,44202,45067,81109
23696,72377,25523,131257
84042,61489,150061,129984
33596,18090,82952,103661
8171,93335,47899,157064
50539,93770,88344,150282
22718,86367,117588,139646
98360,10879,143056,89846
47714,71810,51551,142229
11007,31899,79268,33580
89579,77919,105335,84272
34630,9786,106002,28391
42880,82518,131553,160819
13717,10005,95859,70900
94606,57636,127184,108085
1172,94980,63480,103827
33480,63569,115752,130834
63058,28462,65530,80813
58632,96718,64409,127427
54297,48594,95729,100559
84556,71029,137824,127732
12406,61339,29672,92832
27975,68594,80482,94307
63867,21899,149395,94641
87406,72191,186905,150528
27559,16318,28479,85933
68439,54103,146598,131037
35384,59415,38285,96044
17063,33377,67638,103130
80048,40067,107936,44772
60920,77159,117672,134754
65477,49182,147105,95501
94395,77556,144340,89570
41603,44251,47240,127336
38448,42757,90771,53356
37557,54400,74981,96571
35734,14582,51227,67223
37216,10341,52747,98559
88,22423,59655,78508
74617,40381,160883,50642
84154,87912,171443,143403
54081,23426,94565,81073
83103,72637,156462,171191
55626,83628,121855,139659
37800,86314,51077,174715
34992,83682,95277,115241
80671,46401,116636,52246
98091,28350,157073,66869
62055,92415,70858,116860
82875,68315,136634,141502
12100,36499,88211,48538
5437,20955,42552,107772
43122,37005,93129,108790
66804,3355,86904,33254
40890,1577,82097,24460
15012,5388,103269,85689
25627,5960,97805,43116
74686,76958,76393,132032
20173,47739,50379,131959
67009,13324,160047,45796
74284,94723,143245,153868
23862,78711,45206,123656
40061,26999,44619,100822
32578,5733,90921,33999
59704,89730,75906,108095
10561,58125,36609,123225
90084,30533,155946,62297
32886,70727,60964,148193
94853,50910,133131,87395
35466,86761,125877,168439
92605,91309,190401,160517
4430,36377,92338,69083
47250,7814,79513,39406
23759,23076,57352,112219
44517,34992,133919,130813
76619,19362,113170,34419
12438,25311,92962,77120
15933,65315,109774,122636
65318,76998,87364,141213
90439,98978,171722,196882
23342,42678,43733,52969
6685,38783,80833,109017
35806,58716,68600,151468
56888,45081,66674,130882
40023,93827,63808,117439
38377,36747,122097,97761
82860,25967,139232,89486
24084,55098,112284,82323
30600,87978,32795,120169
20252,50029,62200,98851
99292,13966,158110,94699
42491,72407,86224,145677
30585,94377,108722,173839
60487,33288,111513,46725
54959,8352,136328,34071
86610,52674,134224,106859
50852,44148,136959,98114
93179,57800,127559,117016
6619,11375,61944,90047
29875,62062,96035,146807
59719,2222,99502,18721
62702,24434,96068,63301
55953,76925,130090,131252
70585,5102,116673,11509
38825,90833,104321,106780
12708,20453,73851,76704
4064,3786,60645,78780
29068,66780,102889,102970
63314,28917,89215,35392
49615,50363,142166,110310
9095,41882,52304,58929
6593,67964,75422,138001
29636,13699,121091,27597
18681,53355,70192,133080
40854,25097,123455,41868
13545,37408,39711,85167
25956,31371,36909,76326
61073,29583,131239,97444
98761,49384,122773,72620
1140,85786,59626,123180
53345,30456,83823,86953
5389,35669,42806,73669
55546,35426,69293,66525
20547,3878,77339,67213
28873,96075,48319,116379
15056,23597,39794,98881
80930,18832,161290,93246
93025,12840,178560,110898
53795,19271,148140,65356
71904,37572,77082,66273
9781,50443,17789,63780
37007,80388,125880,99106
55784,82437,85456,127879
7268,71481,15348,125633
845,13090,75655,65333
48759,35146,110953,52113
12274,42240,110532,44157
38154,74770,87807,120694
1347,4677,19927,81806
51434,98798,118789,127175
12510,34907,105388,113821
97350,65709,105785,158780
42084,79322,127650,132470
54636,75634,63685,147088
77460,49572,119041,134792
57085,83499,152191,130222
16157,29774,77637,103373
20469,70158,120349,166410
68090,10259,86894,98133
84612,37272,167611,134303
55584,74944,64532,165381
76737,98219,125606,191407
10043,77581,51942,107681
4383,10146,99192,64080
24537,61229,99312,131503
97704,21081,105760,113118
29303,6962,122733,69103
11834,11754,87610,83784
71317,41512,128856,48553
44652,17200,132146,49317
87285,94165,112154,145501
36982,65570,68325,75252
87026,48527,145537,77783
18746,98743,64829,192580
39584,17813,101466,50290
17078,93704,48106,150386
65691,64830,126068,119226
39423,87493,72800,187144
63457,41058,74721,73521
74098,80123,107820,113458
76248,56090,126498,75307
3698,43116,7358,63437
29412,9214,65123,11411
56167,78225,62024,171154
81292,72650,139042,138491
88532,26075,135165,71166
35687,46900,36119,108903
90999,7788,104823,65991
23513,9508,116906,32633
4078,72293,82671,88938
16618,81728,49056,105796
86681,5930,105399,62354
26683,38654,75888,112925
98921,14944,130429,108695
30209,27784,50594,62044
31214,51852,76167,91276
72372,37063,86364,100778
65199,73864,145539,135100
96880,57166,166968,102842
87530,54852,130371,80074
47401,19304,136541,94575
6160,56706,28902,78460
94631,11021,97761,53405
44032,50061,125515,136979
40213,79882,137120,162118
51905,79041,121988,109920
16796,89172,83346,130374
7610,18798,43001,33711
43167,12167,118085,89508
24970,80993,76930,99769
6615,556,34026,27636
51826,15088,125264,63172
12390,43474,44499,94494
65432,48090,95836,75158
65425,4008,145841,46500
3461,35627,78898,81299
17584,99560,27490,163382
72525,70391,146501,162445
71477,99583,126447,192450
24277,21450,117762,88096
17001,83748,97041,163863
96653,69511,111930,154831
49060,50603,123165,146861
68740,89837,91459,159960
30543,44344,39611,71378
64740,18128,129666,46010
70756,92536,106368,105928
51520,14694,79732,52875
17463,29553,113252,81771
9968,90472,11688,182651
25411,59545,43008,81292
25723,27983,78834,62673
34486,19186,53493,44034
72784,51936,168258,82179
41170,94633,138872,171272
2997,35853,54847,115352
65842,37049,144585,84746
52905,70089,82305,123376
4046,46591,90921,71595
44997,70917,79634,100478
89483,64809,121807,91739
34402,7794,53489,66164
22273,50100,67087,115700
12544,61113,93618,104253
72594,24871,112130,56737
74407,50770,83392,140472
42374,96636,140728,112259
85475,9065,88618,41709
19447,36756,59729,38136
45628,6711,98162,59050
42704,2850,105708,64147
94317,39293,139058,42294
92258,8476,135779,60271
93983,68655,128815,100956
36131,7218,108862,10347
80206,97467,139760,137074
851,56708,49843,87544
96250,14932,98577,100842
58311,94664,121413,170345
30326,15291,118037,84061
19295,62616,68217,134007
85933,25895,104991,85869
89679,50867,181761,107793
7170,40323,62229,108452
86847,21533,164649,102052
73984,53129,74953,75473
35717,3625,59975,46047
97634,75370,131271,84730
38621,6519,72472,87096
82578,36037,145697,134653
3031,55001,50920,127692
71775,69449,74293,90398
85590,99625,105172,176226
2226,8059,72960,68535
74727,11296,157476,104504
50220,56908,140656,86629
99767,28140,107609,127682
77225,9288,116324,77575
939,22320,55423,108820
50100,94719,114576,186922
79654,67916,167207,114527
54838,70011,132240,152888
87257,15856,139030,35719
22307,50908,67471,116133
33272,79478,42430,144618
43596,58309,44303,76574
76793,22473,128301,40575
65845,89454,96359,151588
98175,10841,158684,27656
16855,66712,65624,139484
89084,76356,174698,168668
72131,35607,100260,37427
60002,35585,73899,47828
35245,66277,105173,155758
86571,71550,150975,150566
28036,29381,117086,44881
80591,15348,148896,27411
95394,21537,153213,29652
8575,14235,98477,113777
39225,99710,59446,161314
61562,60071,75731,150549
44273,27008,63964,69040
23779,9672,23825,79520
29675,76710,72606,143255
14805,48012,90612,139693
34409,53736,107773,142285
35635,2950,131624,83637
29145,74958,117474,138560
47348,65106,98040,160600
23322,77705,26605,131791
95454,91447,114815,168383
35095,47380,65998,134841
82505,9138,169181,104521
36647,28649,119488,106831
23457,46962,65098,90831
50542,42689,140996,110372
16677,41810,26036,111053
69999,90241,96237,159231
39741,83165,53822,157868
28496,58987,87153,115120
73142,82880,159939,92155
16856,21287,70306,96438
96408,18038,180326,72826
91319,84738,95757,95396
2312,23165,46127,44885
15981,19318,105893,117597
85800,39427,127959,73975
50121,44961,80219,112119
25653,61668,84703,127792
67088,85735,124311,135682
90587,57507,99709,66129
33292,75096,64951,142096
19966,1879,43244,36651
99128,1331,196797,30599
20557,18442,101514,47464
26856,22455,83394,117727
854,45034,45334,118598
55799,97467,137224,147609
1835,5779,81723,59490
55816,55541,154999,116251
80807,89577,172657,184295
31893,12706,121737,83739
52285,11832,70977,31687
61861,33391,94168,120407
15043,29368,105076,35834
5536,92023,10998,163743
24328,27535,75910,117849
17013,85531,74789,116542
77606,71133,130477,149247
34075,61594,102440,113195
69134,56112,157850,142093
78765,71671,162887,132556
89726,22511,127447,104852
3542,86094,30040,95816
41302,58306,110908,62180
88914,74877,116551,76874
61361,7565,153376,21513
3286,60701,94478,119550
92477,1073,109077,96865
59581,16498,101693,34360
75945,57590,175105,114294
23490,55351,66596,154404
89766,35025,116986,42568
67865,68974,68156,126741
88624,2661,98072,62756
85092,35799,160888,41170
30256,18519,120544,97115
20677,4400,88447,37014
7143,62562,43753,118274
33000,21020,56673,32355
32149,38230,123181,88983
42387,82543,125298,140682
99140,38683,173310,39341
44920,38811,93862,48921
98698,56693,173202,111526
46091,48573,105579,50923
6436,32192,98326,100617
58429,61954,149919,145947
32855,71577,81854,101990
22704,38404,75604,130653
23914,23445,62921,68515
63993,34110,136749,44477
76781,58142,166960,95263
65811,93005,116249,116715
57180,93174,87587,100959
39500,57758,120116,133225
35555,3418,47672,36850
18704,4381,96404,95204
1630,73576,20999,140359
79828,98138,114098,190564
73565,52374,126296,104625
41036,72779,78649,93488
26814,42098,35762,138087
83220,94370,119919,102199
67237,62622,103855,117875
72403,53703,155434,133832
11820,22012,61114,38740
85840,43786,112492,141792
95243,12618,192821,78819
40057,70703,112348,127979
33469,42972,46762,94200
87522,86368,134776,124701
48138,56352,86092,151425
10043,22040,73556,107323
7592,20637,87487,114106
39596,14679,111871,33592
35860,94877,124951,140961
90410,60991,104218,124393
39839,82103,55575,162336
26016,36050,43062,87970
59379,68673,85485,81273
4718,48538,92208,77168
53758,21597,153265,100132
24003,17952,120418,29219
16777,48591,99493,103454
53835,43732,70016,85122
91174,81851,105294,96395
48292,9419,108843,43318
65459,83036,125920,118518
73273,46456,129375,79367
99120,74881,106996,166949
96174,68629,137110,161254
1336,46957,80529,64499
9505,4144,60790,101859
78803,8274,142693,91341
66877,34613,130500,116876
84818,5522,127073,65295
3372,94657,31220,179743
67837,61713,121647,99376
33651,97715,67744,160736
85540,32003,153072,37156
23678,85086,82269,161334
89307,33746,132710,84638
67761,60835,70902,65741
33318,93251,122703,114595
60816,24797,140297,38691
92264,52525,93496,136873
35809,73997,68567,94508
96889,63581,158785,134191
84899,30264,160940,110593
76474,63299,109355,136708
48639,86333,139870,101083
58012,88275,142150,99877
77965,42179,127522,60354
25974,68028,36723,132744
82212,14784,145319,96759
2134,44752,18543,105390
85421,13895,171428,105116
12477,18295,62059,73867
51934,50646,77524,102613
8524,63769,39820,139704
20876,70792,112594,137483
13450,26321,47020,68034
16582,94987,90380,176295
7642,22273,77760,26073
89822,49041,124460,69749
66043,55328,87742,89109
96758,30308,165118,64088
97622,3863,148086,81537
29415,71101,120966,165850
65818,69075,74029,125080
34554,1653,92838,4579
92248,37341,93841,133447
74084,4870,92329,66288
56911,97471,136511,111812
86257,80476,172819,127005
38763,30134,116354,110077
59991,74252,154963,160396
30082,20845,77952,98635
61572,52436,111083,54257
90457,27755,177227,118670
39640,2019,43895,100225
2001,20526,61696,81605
67859,36586,156193,84996
58870,39479,97714,127366
37841,88176,73927,116590
43385,94888,101992,169279
67015,27094,165855,99416
20162,97903,109093,195824
92284,71054,179181,152355
57084,73297,124459,99045
74612,86078,132672,137369
35312,90801,89959,153060
17340,85508,21335,125019
7520,29777,78229,98064
73726,47525,114422,94916
16254,90756,100415,164709
65427,28286,108053,47909
16237,79666,97920,84823
49352,29646,149245,62668
51986,26362,127998,95225
29151,90897,49090,162703
19989,47771,75258,124218
58201,35779,109669,65047
57931,13767,107637,72724
35617,79065,36278,175239
52197,16974,144352,33685
94855,36109,149185,105004
21306,55760,71663,75229
57109,71834,102530,130120
11080,82134,84441,118046
28305,75036,28747,139437
19022,38883,115206,81917
67422,9662,133008,80884
46854,32256,86560,73364
99012,56934,121894,100923
68169,91586,138892,112567
50630,31223,142544,39617
76669,97808,142289,159262
82798,80266,96582,146946
37169,4268,124829,22494
35730,57562,71324,134580
16555,47387,70871,96905
28325,44114,66858,72898
94478,75699,183454,141121
62292,73517,152796,103584
34484,28138,76472,117580
6654,81111,72237,161773
56138,58732,101752,108755
20492,30431,100371,69679
49896,22314,92415,99284
18907,83976,81123,84389
59025,64857,111666,122195
22844,62957,104909,69321
91460,23671,135381,48944
13358,50305,44591,99309
47601,75287,74511,89251
12128,58622,62873,154674
66982,67272,114388,83330
51024,33090,60184,59498
83414,69565,172753,115738
29742,95126,36451,143544
78754,85313,149497,136793
501,44445,90697,59512
35766,97469,86960,127742
36136,51869,100726,128687
55881,65898,154096,87038
38081,62622,49071,97610
27417,89359,107055,145249
67752,46958,67891,126029
72391,14304,142374,46047
74458,71359,167032,148388
86776,28788,165997,112434
47400,33062,49056,121081
58830,89936,152585,121639
31467,6216,107159,20022
8771,44004,31096,52536
883,75937,62263,107283
64039,6359,109721,92658
37100,51788,129897,66450
46418,55360,49671,58630
49478,5453,148465,39334
63960,98728,67180,122379
93979,89758,95603,128317
66595,11230,156825,87352
48979,39561,122934,76004
54326,40339,96939,64666
26193,54047,70776,60101
19672,77928,84423,104342
28768,85031,82936,131010
63322,37748,158764,93784
54329,21561,62235,31140
21220,28652,53898,111543
10339,77681,26834,158880
93691,57880,133417,64565
36592,56386,106538,95736
17310,30068,88660,37468
91746,44317,101628,105340
39296,11239,66976,105715
72084,32624,95461,59851
85899,57526,129289,92786
42942,65338,72883,142207
17093,10447,62591,44889
82943,3783,182246,34828
47883,19192,87479,80989
85638,31585,178661,131121
30557,60032,129141,62856
89035,80551,132027,152796
95498,62010,131489,109918
9310,43768,15393,51450
25250,7537,89230,37855
91482,77417,160162,100474
84374,6477,138086,79108
9435,92746,63468,126346
73705,13976,151770,44540
21286,80674,79523,92868
6964,87440,85037,93577
4262,84323,75170,104077
41156,52094,52138,139052
79615,42709,81061,136572
6880,99149,77663,112542
83756,48389,142169,76632
85280,14483,146064,21022
10071,88939,101961,162171
40378,64495,63771,163450
32739,26358,73895,29544
52502,17219,145971,81917
25672,59028,118791,92918
75177,56784,96288,141117
10345,28230,90165,29156
86727,98679,169683,146276
36778,4201,95667,46778
55833,38765,119186,89122
99149,82665,163897,160934
2064,18713,49364,22907
73246,97844,151654,114934
99436,5528,191554,48750
46055,9098,84564,57363
53147,63198,109285,65465
98538,72347,100128,126817
68230,36905,139333,130140
82785,75857,118340,174823
92538,70062,155393,134083
52709,43255,122531,60107
30894,38554,63093,42488
19515,20278,22375,21637
11602,21798,99589,100244
43454,60254,44847,139598
90170,56367,99088,67307
69075,82284,88133,102764
30749,36866,65844,85403
80360,87863,135530,174770
82718,7179,104263,52198
22176,12106,120271,64479
82136,36781,171668,60512
94895,58598,184592,158033
38095,78814,136756,115335
16195,17900,62664,89296
81957,43277,123732,49213
92964,29815,163381,86094
64824,51454,160776,146514
70540,80185,154517,166866
95825,25451,172049,102656
68039,69800,116744,135055
64690,11712,127916,75479
71117,43278,155087,94422
14410,46,27771,68533
7655,68718,104961,150212
84059,93036,119801,144590
59743,85435,156042,176349
69655,46703,99065,116483
24984,93646,42588,192599
20283,36652,42085,69949
25273,95275,51387,138323
58500,83337,155264,175786
73695,26166,79471,55488
96148,15008,106328,48638
83782,7710,151264,60162
66995,84010,70211,147138
29291,96327,116543,151347
74992,57073,146534,142510
43350,48319,138151,96580
83774,62143,118645,117883
7453,50951,62345,67750
7552,20399,58930,117821
78006,34793,107135,54838
90461,77100,151112,142591
52071,27198,150704,114700
34895,84042,40822,105881
59024,52018,61005,143589
5874,5368,55290,100353
42418,81423,140486,115556
84144,61872,115964,124386
43176,82104,109622,102355
4125,72667,87005,129399
44333,90540,97588,93935
59718,30039,133063,97995
64142,28283,156110,48273
33105,6474,58615,72633
61560,5947,131345,61006
60843,63842,156250,126258
14849,7002,46308,33203
12867,80173,47905,168679
16339,37926,114713,95874
61615,71030,70719,85625
45406,14388,118242,47925
13115,19343,17095,47223
41749,25241,84383,76904
42093,45795,51417,124861
26178,21693,42305,45204
48358,92285,85467,121251
44062,13453,115417,66261
39244,30961,115651,103778
12280,61262,110481,95225
86801,72720,169215,144086
74860,24314,105035,71255
87536,99959,159689,115658
27152,27143,43360,125629
76806,97448,130084,151530
37690,74102,93835,79941
31615,62768,107080,107257
73084,93752,113315,191515
24549,3537,38036,101887
48727,56113,121977,98010
4975,87294,60903,173408
74180,3747,166240,74017
24467,94124,51388,156063
1295,36732,91232,100363
25271,85145,40576,174601
40669,33300,91254,42530
67390,49015,77759,79730
90786,81859,108293,143309
19638,9682,47633,35212
79106,83030,135755,139509
13384,85586,41359,97576
73966,88404,102660,133797
21303,185,113689,18187
6421,96897,28468,151998
6779,84487,46711,125774
90638,18690,120449,105148
10708,16007,84494,71579
58276,31038,84230,48422
87786,45137,127200,144160
54864,73855,60539,146788
41013,16307,77457,47913
97379,96466,176806,118293
74101,50638,148769,106816
3732,6430,69439,34382
45037,20112,77402,118349
96812,25362,195123,39434
89257,67819,150696,166322
2372,59603,44083,93792
64142,65553,141622,158988
46633,42181,135212,51983
14609,67552,79917,83426
987,3060,88628,18975
35957,15420,99546,102733
84212,14964,100371,58195
8370,28861,75513,119478
74324,74379,125355,122878
83489,4501,121568,90576
94277,5706,177114,44200
30441,17693,77452,108951
16019,25952,82096,65521
87881,87226,157478,121409
23663,14299,72959,50171
17078,69897,58579,87001
4086,67248,13030,80055
77067,77174,111076,160384
16573,48958,51019,89256
12761,95259,93213,167263
78345,35951,147280,114424
18883,16382,84956,105181
3076,99560,78557,183853
72724,40971,135352,65596
44930,47248,69479,146401
51514,93152,118378,189106
71880,17526,106592,38772
55810,84970,126382,179554
4826,5026,68249,62574
55275,43609,75600,86781
28379,47022,61114,85246
13032,65998,79492,77544
14968,55217,46355,115350
41814,54577,138932,107070
91682,32160,102422,68628
26929,70134,64782,83716
2897,45852,76162,138765
42586,99272,52077,178688
42554,13324,71382,103021
18994,48820,110165,93728
65635,20444,126765,76571
46070,91979,62172,124393
84307,97513,142370,150284
52581,39036,149151,130907
1179,51124,35225,107839
44681,42701,112433,43367
10710,15028,11419,66800
14913,17392,36001,110867
29205,43549,88259,45452
77906,39902,87897,104953
64349,91482,132062,181900
52722,26776,71253,64480
22051,66278,91165,89187
47304,56455,87740,81254
3799,16536,45413,98596
67027,34962,85208,80988
41198,2725,93775,9803
1184,74568,22831,103104
55118,73684,141069,100150
71299,25612,110788,113697
18958,27304,89939,109234
59864,33624,90951,103796
34920,48880,79048,119300
40588,89130,129513,115945
26238,31797,88526,121325
37091,33049,52885,83763
84282,72722,178135,153794
46230,23669,67834,53500
74052,12645,81976,60420
70749,52820,168183,130710
1527,59649,2949,108808
6966,68165,105108,162387
34130,6563,130854,38975
22421,58923,93432,83935
53330,89716,69066,182568
87972,5203,153284,11427
65881,2106,106124,32307
99631,45785,109201,103027
81057,45437,155025,121466
15093,80331,108301,116682
37645,10094,133949,31359
62852,58655,68404,117993
61997,7454,152290,33846
45831,67452,102277,135021
61085,99466,156863,103811
10074,60305,88232,97469
13080,51497,52018,140683
55299,56176,69143,72880
26876,71248,122686,123597
7954,64093,78355,100361
7625,86711,87287,160020
57320,54439,59906,58366
9041,87674,20716,154114
42560,75654,129824,101749
54958,4691,140380,73010
81462,38751,157606,81220
6204,91096,50779,155895
55506,26932,72023,78745
14433,66514,27803,88976
18680,11072,47981,30628
84867,73559,90145,100736
71598,8646,81953,87730
78123,12234,169085,78699
79397,34395,129991,90801
76526,6625,95928,28658
65449,4202,111438,98403
6737,53646,24089,58465
23094,94903,61992,143400
60935,17864,63002,113841
42548,73315,87227,113561
7598,97749,59111,192259
370,59406,62246,130862
99056,80882,148705,86776
5461,97249,9968,172629
17472,41291,66070,74380
5344,80189,21314,147319
93221,99072,98636,188765
53516,33229,61125,91659
68990,91555,127879,173404
58579,56942,139483,69395
24988,79719,122166,170266
57643,61831,80250,70146
46470,44994,66593,131955
27208,64444,52134,99435
98967,32473,185112,66776
83174,57704,178499,83983
82855,14149,107494,105860
58738,4176,122372,13506
6933,17191,105686,27599
27010,73298,97415,129429
21002,60150,72588,111491
9369,85450,41013,155095
31243,34357,80792,90067
59508,6288,142216,40376
29396,20546,38616,83294
54425,10783,142098,90075
74782,30262,154606,72991
90966,16403,160625,32109
16045,72470,78096,147181
83818,52837,105737,147724
83001,33879,109028,83949
26317,36568,112265,86758
96948,71928,118449,97815
80177,46905,161492,118663
87470,78023,168521,125801
75224,71245,114253,108360
19712,93918,113573,182659
24817,21717,26834,100136
71910,87402,143758,176686
25256,7936,56423,37085
95836,22204,180180,54672
21900,27773,94719,47919
9267,70739,49379,132071
38701,34322,74072,43450
51286,28606,71432,64779
2705,50716,14835,72953
73464,43553,156059,125051
63191,34317,160616,42157
54449,44127,74358,99695
82820,96729,145050,172948
83788,50642,150422,143353
12363,46562,43074,48923
72888,23699,148871,40615
46209,71778,141722,162154
90443,44307,97738,96123
88600,95929,131931,177468
90721,52477,160090,81875
54378,71907,123455,137806
76872,25764,127546,28041
38539,36471,114211,117718
93947,72298,173406,164921
4109,81275,48438,127788
94515,96304,143371,141579
64719,97611,88690,119023
49551,87836,77707,141994
73770,58468,139174,91351
22983,81902,54072,97440
82428,54685,117447,141200
34109,25047,83551,37464
70906,78268,96147,101365
7861,63453,49073,107643
74157,43290,137537,93363
97800,48188,146889,121558
17581,95824,89343,100951
48099,72032,54640,113550
53516,48145,132742,70145
45496,24842,109221,79359
16799,17388,17491,84312
23042,57681,65933,138501
46468,41419,71249,68783
81226,89039,113207,125448
10421,58418,46310,120269
12322,94154,91276,159402
46823,34173,133700,129593
58447,60830,130557,66304
6840,32839,15930,76814
46338,32519,140872,70937
5330,60562,56976,73026
3308,47210,76794,60812
98322,87617,196987,174953
35024,5973,78710,40975
68221,7718,131302,65511
79475,566,112400,31375
66487,68014,118005,149857
44055,27413,97876,48063
99221,44483,128612,80361
5470,27622,64549,93667
82476,17548,88363,43294
93095,81403,130614,142223
68573,58530,149290,154057
87845,28195,97131,39918
97678,26790,148017,55053
92120,69234,100451,157741
39447,36141,108232,48319
76973,29375,176021,68034
9991,85748,19985,102216
96830,91491,132698,154192
39622,25064,131225,50174
39999,91141,47200,125144
94708,99763,191912,118507
6100,39906,50782,66803
27568,75610,66358,154556
74899,3880,98469,3972
16485,33425,74042,36313
41001,97485,137291,151781
45041,86047,114746,180470
88922,56075,162939,101132
22555,70810,49119,130028
40387,29395,63378,103974
79308,45820,132781,59439
87693,26609,171172,52872
68624,83342,155716,93487
8866,105,91093,65838
60812,82011,130293,117510
93187,63857,118076,136003
85750,20353,107673,61017
2502,48857,100582,80178
67986,36202,112194,86131
85309,20176,96845,110886
22213,95395,100727,131873
16802,8567,90899,63057
87970,30282,144155,101962
84312,86987,140014,185702
82965,46676,141825,113909
44463,9884,94270,63702
96891,69592,152945,72542
44627,72049,48696,126444
2702,20004,8228,49109
24248,98428,78662,168551
64432,40795,153789,95411
28524,25983,91422,89789
57621,8247,86598,72889
74077,98359,160088,107665
46164,48588,53997,132937
52486,99705,92407,156923
19155,48719,66575,105021
42,32511,22672,79973
76255,52785,78227,127516
26148,1639,123158,66389
96869,47035,166497,91762
95488,36267,116709,73378
46669,8201,83570,27277
80651,42113,151388,101729
65385,73547,82175,90061
95304,17174,189302,107539
91003,80859,162740,117412
38143,41555,74219,136102
38994,24993,109985,109010
80692,81021,133508,172138
87378,9169,172336,9304
61481,5376,102572,64070
56802,45377,61827,131785
98065,71859,191520,171391
56974,42058,112837,42770
17335,56679,109757,90060
30396,25648,71311,77787
85353,25932,159293,72476
84105,85780,156647,158694
82926,27380,182140,64293
16412,16778,42487,53427
86259,96001,93125,186394
31913,49309,99257,135923
35655,85549,135390,125395
62140,28372,68112,56596
96446,33923,124635,120333
28214,80742,39858,175314
88335,17651,117270,62308
64512,2096,114993,62414
84626,27924,161698,72138
88533,50542,144158,60842
91644,24523,167227,119900
14992,69117,89136,102584
35972,7367,59342,101396
71639,46246,108812,138264
53949,29099,88605,57158
23757,69707,28896,158062
85470,65221,142423,131849
3272,21161,98288,49873
49896,44249,121634,143577
87247,94437,107377,169241
8360,60702,57613,68893
70524,36284,157943,64077
4850,11321,67605,97225
85109,37582,150778,130349
8645,91751,22424,157898
88941,79788,154609,103792
73077,8568,160744,73948
14454,45975,76143,94651
48305,65241,113690,111980
18361,24986,79025,66289
32813,31427,47964,44459
14454,30516,64879,51121
6230,15480,33466,23954
6118,76632,64097,153273
21111,70033,38376,99874
958,39143,49076,135790
26280,19304,93662,114959
43314,46012,115824,60401
29659,41396,41731,67585
7242,40591,14903,42042
93908,40853,171525,52490
67143,39949,113907,66653
11538,80863,56026,150675
45170,99381,138014,135885
79314,38533,121585,52052
48109,79625,75817,120944
51553,19560,130450,101931
64845,95540,136903,169654
244,38352,15863,117965
83653,2644,104581,49518
99660,90766,153567,186183
43136,5046,57599,91701
80229,28240,162445,29704
63481,34985,133407,124221
90661,58794,179776,151591
30245,4604,58310,68048
14476,96356,108495,167598
29988,44822,94283,123276
18304,59277,53636,142470
7762,37561,31090,58421
24880,7342,64580,84024
95788,16738,105111,108196
88778,35445,175702,129950
66135,50189,113304,57776
37331,90885,75317,175884
84390,2862,163865,45798
69790,21994,96014,96830
9646,76505,60054,123095
90371,33602,164791,44822
76107,91530,82470,164132
65854,225,157918,99429
23098,27596,36787,109107
35855,28479,59676,77322
82638,14179,136618,63757
83152,75783,180390,175329
107,60387,38511,155942
76712,36861,94713,83620
85551,49752,121755,98083
61788,73769,110931,129851
19596,23369,45008,49944
22328,94825,92085,137005
50026,59833,75887,63243
2375,92345,25134,117761
34271,41124,122443,45619
48575,41840,116194,115909
40192,28897,123307,61600
4063,56444,25870,113003
72390,62520,135080,68796
95496,58745,151267,74186
33986,11060,37128,88155
41980,53923,49356,80680
29748,78232,108277,120826
81729,80550,148085,124030
79254,41424,131603,113134
65244,47345,113446,142955
60187,1941,82346,21862
75867,75203,127576,84953
12892,50999,57451,122276
42345,56260,81713,74887
61354,74198,156835,80323
47911,11783,109308,110224
92532,33770,123158,111126
81537,7659,112812,38573
90375,53928,156640,130788
36350,49312,99946,56655
55286,97589,111337,97777
41834,11942,119311,62960
88089,69661,92354,146957
10549,61088,97158,152854
23407,88843,65453,155005
8023,6895,26519,43349
54218,21934,75860,80267
2363,33627,4890,109026
99791,44173,193396,65377
69995,57962,84457,111264
16133,14574,29458,89479
93241,74796,106594,139079
54115,10058,80417,26453
42615,38018,60953,94926
2734,48973,64888,51775
50145,67643,80361,106894
43026,98598,51883,155126
12048,5773,37518,100350
70564,33512,106556,102736
35958,70973,132680,148066
39957,74817,73960,140031
52355,77338,127251,144726
92103,70827,114949,127915
64886,29914,111621,32686
75335,66258,114985,86093
99363,72064,158713,167469
5411,17294,21210,44087
90836,83480,123490,131731
68982,82908,80870,101882
31577,53581,86579,83971
99649,79930,134084,110284
44884,71533,88175,155687
23319,25130,45866,34353
63240,18754,93502,108476
49943,91448,122409,164947
3206,17233,71550,104572
50567,39927,73564,52823
57188,16811,70837,78938
52458,53623,122616,63396
72474,80536,116355,163282
34966,57919,39720,91928
76498,6845,163467,75156
68432,33448,108179,121757
29810,47396,124279,129061
72903,38554,98836,47331
24804,75850,60149,143098
95416,3333,124797,14611
69352,5739,160529,69686
42900,92428,44858,109009
68625,13146,107048,68474
81008,39068,162739,56869
69865,38694,116798,80941
35839,24862,54093,36122
85059,11015,104977,46153
44691,77614,127317,105750
42961,94383,114809,132358
14846,2211,85021,16696
27639,60422,75011,131798
93463,69865,169161,95804
43993,95197,126219,172251
65151,64044,97792,115154
18975,77200,46654,133423
43666,25468,50194,108116
99715,52101,136187,79363
64352,50110,111861,147000
1290,94777,84611,178869
23715,96564,84629,134964
87942,38322,154204,134235
82142,88299,102965,93065
85121,81138,176185,85307
7953,65613,101707,138278
79664,717,126614,54940
29578,28399,128012,62749
12883,78795,21179,171969
85406,55125,125893,85783
56503,11268,111391,65046
82957,28006,138566,52787
97360,99090,172156,120839
33331,92616,73642,95537
34058,12365,58145,13532
33768,26820,107143,80262
88461,52897,149076,141922
14505,50323,113496,128604
1566,71345,76083,160631
94879,57672,177569,111452
95233,70493,109137,99822
1328,81063,27296,177074
94531,4734,137728,83783
37543,13358,53108,48177
45693,46658,103110,123677
4067,79537,92622,143874
56426,17668,147715,67320
21239,1220,81375,22698
36776,20073,86525,33037
70053,60753,166732,97779
82430,34522,170869,64030
48908,4757,140641,77830
54535,25591,65394,59225
77067,68022,120518,76550
50512,9471,81426,73127
71976,36393,127207,101009
25389,95559,68664,176659
19169,28225,71620,36813
49554,36793,52165,127241
94173,61842,173237,148379
97337,24439,107654,64052
30186,16327,109331,60431
94567,74322,189434,77648
43556,92067,129402,163920
36059,71146,46318,159904
94853,56570,162180,108667
36994,96400,57768,137848
43711,54294,97757,140344
91291,97683,95026,114959
58624,44402,109290,57742
37400,68382,77401,118339
55726,99823,96842,193931
55707,83081,123081,88651
25166,18442,113346,76489
48898,34655,95515,100374
18842,93201,41869,139722
26680,76168,69893,93145
69839,50004,102137,138780
71314,6409,136019,84152
6652,51059,79004,123506
75101,74288,166179,156668
11459,32156,55500,60248
32269,37452,112637,48877
33154,94586,62952,191081
84971,59586,128496,116178
71741,10547,94577,57969
23101,29585,46117,51256
62766,7508,81639,8227
68891,42667,146288,131818
49863,21942,77314,56454
48812,96042,135062,185891
8616,91544,68215,182559
53470,95955,94431,184592
53087,46950,100408,140538
40864,553,71992,4418
69608,97269,71173,196089
49220,70932,57213,103049
320,20042,82521,89028
42946,87892,51860,109728
82541,39795,125747,86193
29009,69467,70932,102653
57518,67685,68434,159031
4901,84988,103959,138088
15689,63253,44943,96037
32617,55888,40165,86940
98231,35375,103495,67256
52708,60602,143285,129161
51283,60828,106924,140377
81229,12519,134986,52242
28171,49235,41384,94856
32881,38666,74932,111136
77573,34392,87120,50291
19971,36130,30124,45177
57642,86737,134786,173585
82329,22813,179419,66999
92365,52084,103355,66658
6175,963,6645,6932
82907,67981,82941,101591
20254,97438,37831,103168
48024,71968,68637,163566
43080,4857,114154,76744
2012,54045,13498,79741
35549,83207,37258,103415
98001,91779,129640,95029
37913,79872,72582,103057
26990,41218,80576,102417
1562,4988,48454,86738
81748,79734,101975,168372
47852,58497,52849,157948
60576,65074,105023,151160
68494,38842,83815,88383
85799,54374,164867,124089
59911,59389,79828,80038
37630,96653,113892,195170
19209,7042,90273,56411
6339,67893,17902,123806
7544,48099,21554,87032
66727,10241,125883,31754
64204,66320,98573,84427
11970,29455,62503,59272
58632,94593,126194,154614
89200,50753,105266,98045
48236,38822,147912,41217
14650,53271,81345,137683
50282,51893,112516,59400
88890,17248,153546,54423
33960,34453,78478,130963
38010,33484,42364,94025
86434,58279,185010,98598
70841,14909,91187,48477
12697,39238,45879,87187
6883,94242,82489,142688
80511,37963,152261,59318
18852,39419,65475,58868
46799,52244,69327,100721
98950,33356,165593,44159
80584,32965,175566,121253
31836,54154,116173,95066
9131,75926,104141,137304
17745,63433,63106,104637
84911,17460,127756,24896
73763,88915,148114,115759
83584,52796,145229,139034
38930,21866,39946,92990
68763,65192,125666,123534
19211,936,42400,70322
65127,89693,79484,117205
13207,86750,54305,167258
36976,69292,132951,121483
53893,68953,72198,152383
77655,21764,135588,55275
35854,48213,62316,103384
40869,18506,113712,65456
55879,70845,75421,77441
77954,90854,170863,171111
89031,70103,112127,92249
56568,73959,72455,135743
91834,31279,105195,96928
485,74939,79408,102654
8195,91348,30974,99764
43288,82555,70868,95515
62785,79698,148053,87336
5049,54557,62519,92932
96354,76885,132847,140055
94968,54498,166763,144487
90887,3809,96752,58165
90008,53950,149890,115464
9236,18430,19361,97968
98994,94890,143003,184611
48011,99313,133554,125931
80644,98656,144513,164885
11954,29209,13994,77602
56974,70942,150898,85127
49053,75418,105583,130199
66359,55537,124746,136122
63833,61247,90140,68106
11670,81004,41830,152568
31571,62257,42569,85645
53573,84434,66219,165001
8464,82458,96365,181663
18833,4190,115396,10129
63481,81288,135722,108887
61840,30933,81805,100159
73832,91786,147882,123408
82711,93158,145448,95151
56583,81203,133157,102690
21953,92886,61628,159584
78215,81383,167036,146609
99499,12655,127460,47091
96269,38311,188049,89179
51422,99391,112998,105681
65058,95195,138595,134811
70318,8314,76984,22824
98538,4822,167872,62202
53784,23212,124907,115939
72710,80902,90733,104167
81550,75554,161198,132392
33981,74143,98497,150323
23575,92028,56443,187960
67599,18778,94713,50825
2217,6929,30535,75491
19493,18141,79939,19009
5313,17442,85535,29760
37327,15497,54076,89213
46763,57990,117075,91801
76509,84925,165325,182805
5517,10729,16444,95104
48435,14394,73227,99988
79750,8604,96851,41624
81208,54540,123921,111352
56041,22225,134821,88166
89425,45625,149797,106687
71303,76681,141899,138085
85883,70804,168232,117522
95726,76301,179618,169180
87277,17899,96677,45437
56231,70149,93012,157902
94373,49594,110775,111011
42776,98585,88866,168619
62278,19151,121418,69290
37065,36301,86779,66767
97898,3369,107602,42312
37029,74582,65003,83212
93472,95392,122949,125848
74381,83911,163039,136731
1212,41932,68208,83527
70553,62486,168180,122961
30623,53092,118699,62733
37484,43037,63243,140936
34128,88981,132865,122314
28020,79811,91933,137199
84608,35241,182393,52033
68849,31369,83206,44607
25029,14132,88162,46856
77252,16960,167405,25326
660,11692,26160,63198
72089,10128,80931,71555
76645,7662,157386,56792
36304,30978,129985,106906
6664,11701,96532,35886
67227,59191,123718,100654
53520,67743,124665,97914
69487,4684,155476,67667
32937,91940,56736,135380
69325,40763,114748,75106
60956,14542,157926,46327
40904,77073,108207,170108
69276,32333,108187,68674
63777,38171,120818,93759
48574,64714,98105,131155
8890,30955,34917,37275
17522,4687,100875,74345
43780,76215,64903,155620
93434,88471,175122,181590
71483,23400,141924,44664
97843,19254,129907,43340
52262,84200,119501,146148
92395,84135,139992,104185
82368,1558,112050,85787
29521,44776,97194,140416
87841,35533,134972,95656
89343,47165,181918,81938
90701,12149,187595,103234
71527,49079,98429,129290
60944,72364,63454,126197
25571,21712,55785,84272
42021,54484,48094,100746
1211,50302,94488,64636
20802,95604,117179,149807
98978,7493,109644,7883
55474,27537,56874,113558
36488,57190,107026,72749
61296,68569,155085,114265
40006,4426,105774,38957
18057,8487,80470,98892
19097,62905,61278,78288
93799,15914,138153,65065
89127,22806,145454,49490
24640,52224,37808,150889
57127,47042,154505,112605
59947,43037,104254,104828
72142,28016,96669,33294
75644,38978,122252,114386
78970,51987,132793,133082
4063,2542,5242,62115
49152,99159,127272,112417
37003,43927,131848,56851
23263,70749,81230,98896
73105,29713,98347,72568
17498,4287,28238,23531
70275,87130,94082,122928
62191,43949,114648,119636
32452,7745,60542,84471
59605,88813,128510,120321
70475,47332,81918,91563
11783,54461,83108,130572
82518,39741,161489,64667
69937,39355,155540,134037
85343,65016,149263,162075
51071,7028,68042,59394
70709,25493,152459,107261
7919,2369,83935,33764
13050,81918,83834,135638
53950,72022,99598,131671
82126,18709,181757,81086
39780,81687,125999,116906
56687,28229,104478,112769
17216,50179,81692,125120
84385,77697,174518,177025
73710,36588,154253,103459
25770,76278,54801,166783
99617,67652,128710,79310
86413,14146,151767,93479
60197,59901,152359,63644
85434,22331,170481,51233
76365,72990,151025,167650
25027,90493,111464,138376
59600,82219,158309,179222
44108,83891,51421,165833
25157,78590,47833,124578
39496,91044,51772,115733
41205,46338,100144,70351
99679,90310,135004,165876
30918,15664,83299,59281
86309,11124,92623,49390
62839,34307,149792,55099
94479,27269,145583,45665
10117,66573,80440,91529
5742,68790,15584,90364
78277,60181,164118,149028
85070,26295,102559,110480
58427,58622,101892,85574
14024,11851,87030,33645
81127,74307,177854,127277
22768,40885,26097,127094
82030,8667,145652,51834
89209,78998,150435,89373
32734,79200,98587,153262
52006,73281,131837,154654
65473,12981,155464,42027
24209,28195,30266,56082
70750,34977,98157,91672
6488,14182,103808,41852
39313,50628,76795,56447
39385,48105,127905,91047
42202,42361,102493,125071
67777,57429,116197,99557
15495,35308,75946,127914
46002,96862,104191,144330
19575,17363,76036,111745
14044,70767,107637,75093
52808,31425,53770,128450
93331,1834,164864,97929
57708,2487,93196,24144
41855,95924,84914,101903
31619,16958,111053,94151
39103,23143,67648,108856
49052,97909,61434,108649
64624,35095,137868,91593
67793,65586,167543,158569
36401,62216,88862,95320
21057,47457,107950,97705
62775,15404,97321,64795
19292,80547,45679,122027
17636,28268,63823,118618
49473,56233,72993,149070
80289,1985,98326,80572
38008,39593,53153,85144
74749,94702,113481,175352
96533,84520,162046,91527
37727,92182,47132,171783
34,3374,71810,56021
80417,72181,133117,119207
26850,45039,41469,68778
9148,99722,90735,136862
50294,98598,137669,106523
19152,30325,75552,60382
36740,57481,40227,97472
41944,87914,128531,176218
51741,8250,80529,26824
11272,13998,96581,67169
38609,16180,57894,84642
23116,10148,113643,99741
41169,68837,43896,115377
25240,97400,32845,154813
76203,27870,125791,68499
15447,49851,69063,81622
77351,1011,80168,3091
78416,60025,159651,129433
24494,64817,66985,114307
37480,90883,121240,91528
78544,96861,148093,142393
7039,10702,85155,49039
99783,55106,167742,146377
43874,10983,100197,61845
47239,26181,78890,118220
40369,91533,111979,173416
31522,56874,97585,155000
38462,22042,126946,115441
13914,77901,36761,87361
61960,59505,99975,152535
4231,31816,5129,86998
55679,75917,150245,165489
34774,23800,113579,50518
